[
    { "in": "AA", "out": "ɒ" },
    { "in": "AE", "out": "æ" },
    { "in": "AH", "out": "ə" },
    { "in": "AO", "out": "ɔ" },
    { "in": "AW", "out": "aʊ" },
    { "in": "AY", "out": "aɪ" },
    { "in": "EH", "out": "e" },
    { "in": "ER", "out": "ɜ" },
    { "in": "EY", "out": "eɪ" },
    { "in": "IH", "out": "ɪ" },
    { "in": "IX", "out": "ɨ" },
    { "in": "IY", "out": "i" },
    { "in": "OW", "out": "o" },
    { "in": "OY", "out": "ɔɪ" },
    { "in": "UH", "out": "ʊ" },
    { "in": "UW", "out": "u" },
    { "in": "B", "out": "b" },
    { "in": "CH", "out": "ʧ" },
    { "in": "D", "out": "d" },
    { "in": "DH", "out": "ð" },
    { "in": "F", "out": "f" },
    { "in": "G", "out": "g" },
    { "in": "HH", "out": "h" },
    { "in": "JH", "out": "ʤ" },
    { "in": "K", "out": "k" },
    { "in": "L", "out": "l" },
    { "in": "M", "out": "m" },
    { "in": "N", "out": "n" },
    { "in": "NG", "out": "ŋ" },
    { "in": "P", "out": "p" },
    { "in": "R", "out": "r" },
    { "in": "S", "out": "s" },
    { "in": "SH", "out": "ʃ" },
    { "in": "T", "out": "t" },
    { "in": "TH", "out": "ɵ" },
    { "in": "V", "out": "v" },
    { "in": "W", "out": "w" },
    { "in": "Y", "out": "j" },
    { "in": "Z", "out": "z" },
    { "in": "ZH", "out": "ʒ" }
]
