,주소,위도,경도
0,강원도 강릉시 경강로 2096,37.7149488,128.8263809
1,강원도 강릉시 경강로 2400,37.7149488,128.8263809
2,강원도 강릉시 교동광장로 114,37.7643297,128.8771002
3,강원도 강릉시 창해로14번길 40,37.7719482,128.9481104
4,강원도 고성군 토성면 미시령옛길 1153033-636-8697,NA,NA
5,강원도 동해시 중앙로 219,37.5111855,129.1192785
6,강원도 속초시 동해대로 4114,38.2077761,128.5641999
7,강원도 속초시 미시령로2983번길 111,38.207709,128.52782443643946
8,강원도 속초시 중앙로 123,38.2103068,128.5933121
9,강원도 원주시 남원로 588,37.3132278,127.9320284
10,강원도 원주시 능라동길 73,37.3323198,127.9273292
11,강원도 원주시 동부순환로 37,37.3192658,127.9713683
12,강원도 원주시 서원대로 178,37.3438362,127.93111645
13,"""강원도 원주시 서원대로 402",37.3304846,127.9491603
14,강원도 원주시 혁신로 61,37.3221132,127.9848587
15,강원도 춘천시 경춘로 2353,37.8370389,127.5431694
16,강원도 춘천시 동면 순환대로 1154-63 033-244-9180,NA,NA
17,강원도 춘천시 서부대성로 243-1,37.8804867,127.7343266
18,강원도 춘천시 중앙로 57,37.8818338,127.7283755
19,강원도 춘천시 후석로 13,37.8827138,127.7480455
20,강원도 춘천시 후석로 318,37.8827138,127.7480455
21,강원도 홍천군 한치골길 262,37.6377815,127.6741624
22,강원도 홍천군 한치골길 262,37.6377815,127.6741624
23,경기 구리시 경춘북로252 A101 031-572-3631,NA,NA
24,경기 남양주시 진접읍 해밀예당1로27 031-529-3642,NA,NA
25,경기 의정부시 금신로 63 031-826-3675,NA,NA
26,경기도 고양시 덕양구 고양대로 1955,37.6531586,126.8422985
27,경기도 고양시 덕양구 고양대로 1955,37.6531586,126.8422985
28,경기도 고양시 덕양구 고양대로 1955,37.6531586,126.8422985
29,경기도 고양시 덕양구 고양대로 1955,37.6531586,126.8422985
30,경기도 고양시 덕양구 신원동 628-202-371-3271,NA,NA
31,경기도 고양시 덕양구 원흥5로 25 031-966-3818,NA,NA
32,경기도 고양시 덕양구 충장로 14,37.6532737,126.8424548
33,경기도 고양시 덕양구 호국로 1775,37.709622,126.90536845882352
34,경기도 고양시 덕양구 호국로 811,37.65821525,126.83756701700791
35,경기도 고양시 덕양구 화신로260번길 57,37.6336488,126.83277219659479
36,경기도 고양시 덕양구 화신로272번길 57,37.633511,126.83144662762905
37,경기도 고양시 일산동구 강송로 33,NA,NA
38,경기도 고양시 일산동구 무궁화로 237,37.673837899999995,126.78715362170293
39,경기도 고양시 일산동구 무궁화로 294,NA,NA
40,경기도 고양시 일산동구 백마로 475,NA,NA
41,경기도 고양시 일산동구 식사동 814 경기도 고양시 일산동구 동국로 27031-961-9180,NA,NA
42,경기도 고양시 일산동구 위시티2로11번길 31,NA,NA
43,경기도 고양시 일산동구 일산로 237,37.6571184,126.78810174089806
44,경기도 고양시 일산동구 장항동 1755 031-921-3840,NA,NA
45,경기도 고양시 일산동구 정발산로 24,NA,NA
46,"""경기도 고양시 일산동구 정발산로 이스턴시티 38번지 116",NA,NA
47,"""경기도 고양시 일산동구 중앙로 1054",NA,NA
48,경기도 고양시 일산동구 중앙로 1059,37.6439651,126.7862178524006
49,경기도 고양시 일산동구 중앙로 1191,37.653024599999995,126.77677968425178
50,경기도 고양시 일산동구 중앙로1275번길 38-9,37.65967515,126.77015943715753
51,경기도 고양시 일산서구 대화동 1050-185031-929-5315,NA,NA
52,경기도 고양시 일산서구 대화동 킨텍스로 171031-912-8924,NA,NA
53,경기도 고양시 일산서구 일산로 541,37.677456500000005,126.76770414418604
54,경기도 고양시 일산서구 일현로 97-11,NA,NA
55,"""경기도 고양시 일산서구 중앙로 1420",37.669958449999996,126.76259035434296
56,"""경기도 고양시 일산서구 중앙로 1456",NA,NA
57,"""경기도 고양시 일산서구 중앙로 1559",NA,NA
58,경기도 고양시 일산서구 탄중로 106,NA,NA
59,경기도 고양시 일산서구 하이파크2로 67,NA,NA
60,경기도 과천시 별양상가3로 11 이마트 1층,NA,NA
61,"""경기도 과천시 중앙로 129",37.4272134,126.9907033
62,경기도 과천시 중앙로 277,37.4272134,126.9907033
63,경기도 광명시 광명로 907,37.4760144,126.8528145
64,경기도 광명시 금하로 464,NA,NA
65,경기도 광명시 디지털로 17,NA,NA
66,경기도 광명시 범안로 1036,37.4625769,126.8797823
67,경기도 광명시 범안로 1060,37.4625769,126.8797823
68,"""경기도 광명시 양지로 16",NA,NA
69,경기도 광명시 오리로 361,37.4801514,126.8518753
70,경기도 광명시 오리로 865,37.4801514,126.8518753
71,경기도 광명시 철산로 15,NA,NA
72,경기도 광주시 광주대로 35,NA,NA
73,경기도 광주시 송정동 12-12외 1필지 031-767-3767,NA,NA
74,경기도 광주시 오포읍 태재로 37 031-717-3566,NA,NA
75,"""경기도 구리시 건원대로 67",NA,NA
76,"""경기도 구리시 검배로 5",NA,NA
77,경기도 군포시 고산로701 031-392-3638,NA,NA
78,"""경기도 군포시 번영로 497",37.3612667,126.9392659
79,"""경기도 군포시 산본로 398",37.3654965,126.9294331
80,"""경기도 군포시 산본로343번길 9",37.3606223,126.9317623
81,경기도 김포시 김포한강11로 288-32031-989-4922,NA,NA
82,"""경기도 김포시 김포한강2로 41",NA,NA
83,"""경기도 김포시 김포한강4로 117",NA,NA
84,"""경기도 김포시 김포한강4로 487",NA,NA
85,경기도 김포시 김포한강7로 71031-996-3065,NA,NA
86,경기도 김포시 사우중로 35,NA,NA
87,경기도 김포시 중봉로 27,37.6310568,126.7030325
88,경기도 김포시 태장로 779,37.6091719,126.7420151
89,경기도 김포시 풍무로 45,37.5998907,126.7205539
90,경기도 남양주시 경춘로 1269031-591-5938,NA,NA
91,"""경기도 남양주시 늘을1로16번길 25",NA,NA
92,경기도 남양주시 별내5로5번길 15,NA,NA
93,경기도 남양주시 별내중앙로 64 1-2층031-572-1861,NA,NA
94,경기도 남양주시 와부읍 경강로 772 031-577-3227,NA,NA
95,경기도 남양주시 진접읍 금강로 1477 031-529-3287,NA,NA
96,경기도 동두천시 지행로 55,NA,NA
97,경기도 동두천시 평화로 2254,37.948829,127.0615621
98,"""경기도 부천시 길주로 181",37.5053121,126.7626305
99,경기도 부천시 길주로 281,37.5057555,126.7552599
100,경기도 부천시 부천로 97,NA,NA
101,경기도 부천시 부흥로 193,37.4961393,126.7536913
102,경기도 부천시 소사구 경인로 485032-349-7884,NA,NA
103,경기도 부천시 송내대로 239,37.4836709,126.7533218
104,경기도 부천시 신흥로 161,37.5095474,126.7749235
105,경기도 부천시 옥길동 768 스타필드시티부천 02-6386-1161,NA,NA
106,"""경기도 부천시 원미구 길주로 180",37.5043875,126.7621137
107,"""경기도 부천시 원미구 부일로 204",37.4867576,126.8142736
108,"""경기도 부천시 원미구 부천로 7",NA,NA
109,경기도 부천시 원미구 상동로 87,NA,NA
110,경기도 부천시 원미구 석천로 188,37.5042471,126.7634406
111,경기도 부천시 원미구 조마루로 2,NA,NA
112,"""경기도 성남시 분당구 구미로173번길 82",37.3471907,127.1241432
113,"""경기도 성남시 분당구 구미로173번길 82",37.3471907,127.1241432
114,경기도 성남시 분당구 대왕판교로 660,37.40058,127.10688
115,경기도 성남시 분당구 대왕판교로606번길 10,37.3961805,127.1071118
116,"""경기도 성남시 분당구 대왕판교로606번길 58",37.395508199999995,127.11361390792558
117,경기도 성남시 분당구 돌마로 43,37.3777105,127.1336461
118,"""경기도 성남시 분당구 동판교로177번길 25",37.3979779,127.11383884800543
119,"""경기도 성남시 분당구 백현로101번길 30",37.3764421,127.1114779
120,경기도 성남시 분당구 분당로 43,37.3839239,127.1201766
121,경기도 성남시 분당구 불정로 134,37.3599132,127.108045
122,경기도 성남시 분당구 새마을로175번길 4,37.3839208,127.1500069
123,"""경기도 성남시 분당구 서현로210번길 20",37.3857045,127.1240942
124,경기도 성남시 분당구 성남대로 151,37.3494604,127.1084393
125,경기도 성남시 분당구 성남대로 275,37.4085558,127.1294167
126,"""경기도 성남시 분당구 성남대로 32",37.3387032,127.1092607
127,"""경기도 성남시 분당구 성남대로 393",37.3724397,127.1081833
128,경기도 성남시 분당구 성남대로 45,37.339941,127.1086021
129,경기도 성남시 분당구 성남대로343번길 12-2,37.3666256,127.1065708
130,경기도 성남시 분당구 성남대로916번길 11,37.4109058,127.1299225
131,경기도 성남시 분당구 성남대로925번길 16,37.4131613,127.1273537
132,경기도 성남시 분당구 수내로46번길 12,37.380711,127.117438
133,"""경기도 성남시 분당구 야탑로81번길 11",37.41032165,127.1274795579259
134,경기도 성남시 분당구 운중로 132,37.3912321,127.0639321
135,경기도 성남시 분당구 이매로 15,37.394937150000004,127.1223437
136,경기도 성남시 분당구 정자로 82,37.3634386,127.1174062
137,"""경기도 성남시 분당구 정자일로 166",37.3507854,127.1063437
138,"""경기도 성남시 분당구 정자일로213번길 18",37.3693628,127.1053201
139,경기도 성남시 분당구 판교로 227번길 6,NA,NA
140,경기도 성남시 분당구 판교로 372,37.4036572,127.11564415701457
141,경기도 성남시 분당구 판교역로 152,37.3942498,127.1103734
142,경기도 성남시 분당구 판교역로 192번길 14,NA,NA
143,"""경기도 성남시 분당구 판교역로 230",37.388805,127.1084469
144,"""경기도 성남시 분당구 판교역로 231",37.4012709,127.1086503
145,"""경기도 성남시 분당구 황새울로 234",37.3832059,127.1186035
146,경기도 성남시 분당구 황새울로335번길 5,37.3868924,127.12121
147,"""경기도 성남시 분당구 황새울로359번길 11",37.3879794,127.12330506857231
148,경기도 성남시 분당구 황새울로360번길 19,37.3858682,127.1259388
149,경기도 성남시 수정구 수정로 201,37.4440707,127.1413571
150,경기도 성남시 수정구 위례광장로 104,37.4724689,127.1433305
151,경기도 성남시 중원구 산성대로 340-1,37.4334513,127.1282415
152,경기도 성남시 중원구 산성대로426번길 2,NA,NA
153,경기도 수원시 권선구 경수대로 270,NA,NA
154,경기도 수원시 권선구 금곡로 219,37.2797983,126.9675216
155,경기도 수원시 권선구 동수원로177번길 40,NA,NA
156,경기도 수원시 권선구 매송고색로 543,NA,NA
157,"""경기도 수원시 권선구 서수원로577번길 305",37.274613,126.93528328995163
158,경기도 수원시 권선구 효원로 274,NA,NA
159,경기도 수원시 영통구 광교로 191,NA,NA
160,경기도 수원시 영통구 광교중앙로 145,NA,NA
161,경기도 수원시 영통구 광교중앙로248번길 7-2,NA,NA
162,경기도 수원시 영통구 대학로 47,NA,NA
163,경기도 수원시 영통구 덕영대로 1467031-273-8972,NA,NA
164,경기도 수원시 영통구 덕영대로 1566,NA,NA
165,경기도 수원시 영통구 덕영대로 1695,NA,NA
166,"""경기도 수원시 영통구 봉영로 1617",NA,NA
167,경기도 수원시 영통구 삼성로 2 트레이더스수원점,NA,NA
168,경기도 수원시 영통구 센트럴타운로 85,NA,NA
169,경기도 수원시 영통구 영통로 195,37.2645833,127.0775472
170,경기도 수원시 장안구 경수대로 1038,NA,NA
171,경기도 수원시 장안구 덕영대로535번길 46,NA,NA
172,"""경기도 수원시 장안구 서부로 2131",37.3108669,126.9773913
173,경기도 수원시 장안구 창룡대로 171,NA,NA
174,경기도 수원시 팔달구 권광로 132,NA,NA
175,경기도 수원시 팔달구 권광로 199,NA,NA
176,경기도 수원시 팔달구 권광로 265,NA,NA
177,경기도 수원시 팔달구 매산로 11,37.2673816,127.0013613
178,경기도 수원시 팔달구 월드컵로 205,37.28816535,127.03347579864423
179,경기도 수원시 팔달구 인계로94번길 3,NA,NA
180,경기도 수원시 팔달구 중부대로 161,NA,NA
181,경기도 시흥시 비둘기공원로 10,NA,NA
182,"""경기도 시흥시 서울대학로278번길 43-13",NA,NA
183,경기도 시흥시 서해안로 699,37.3770806,126.7397518
184,경기도 시흥시 서해안로 699,37.3770806,126.7397518
185,경기도 시흥시 중심상가2길 20-5,NA,NA
186,"""경기도 안산시 단원구 고잔로 102",37.318676,126.837573
187,경기도 안산시 단원구 고잔로 72,NA,NA
188,"""경기도 안산시 단원구 광덕대로 154",NA,NA
189,경기도 안산시 단원구 원포공원1로 46,NA,NA
190,경기도 안산시 단원구 적금로 120,NA,NA
191,경기도 안산시 단원구 중앙대로 397,NA,NA
192,경기도 안산시 단원구 중앙대로 907,NA,NA
193,"""경기도 안산시 상록구 광덕1로 379",NA,NA
194,"""경기도 안산시 상록구 성안길 82-3",NA,NA
195,경기도 안성시 공도읍 서동대로 4489 031-652-3645,NA,NA
196,경기도 안성시 중앙로 308,NA,NA
197,"""경기도 안성시 중앙로 395",NA,NA
198,경기도 안양시 동안구 경수대로 821,37.3892172,126.9479952
199,경기도 안양시 동안구 관악대로 234,37.4035996,126.9578288
200,경기도 안양시 동안구 관평로 182,37.39297845,126.96071615861123
201,경기도 안양시 동안구 시민대로 180,37.3899769,126.9503403
202,"""경기도 안양시 동안구 시민대로 230",37.3923318,126.9565123
203,경기도 안양시 동안구 시민대로 311 금강스마트 빌딩 1층,NA,NA
204,경기도 안양시 동안구 엘에스로 23-8,37.3705981,126.9510473
205,경기도 안양시 동안구 평촌대로 123,37.38300715,126.95966639516755
206,경기도 안양시 동안구 평촌대로 223,37.39146785,126.95511490000001
207,"""경기도 안양시 동안구 흥안대로 519",37.369512,126.9554038
208,경기도 안양시 만안구 경수대로 1397,37.4339766,126.9033637
209,경기도 안양시 만안구 만안로 232,37.4016302,126.9228826
210,경기도 안양시 만안구 안양로292번길 36,37.3988907,126.9228879
211,경기도 안양시 만안구 장내로 149번길,NA,NA
212,경기도 양주시 고읍남로 20,NA,NA
213,경기도 양주시 독바위로 35,NA,NA
214,경기도 양주시 부흥로 1872,37.8049775,126.9115493
215,경기도 양주시 장흥면 호국로 528 031-873-3695,NA,NA
216,경기도 양주시 회천남로 76,37.8201655,127.0706968
217,경기도 양평군 양평읍 시민로 75 031-775-3492,NA,NA
218,경기도 여주시 명품로 360 2004호,NA,NA
219,경기도 여주시 명품로 360 2400호,NA,NA
220,경기도 여주시 세종로 358,NA,NA
221,"""경기도 오산시 경기대로 50",NA,NA
222,경기도 오산시 문시로 109-2 031-376-3948,NA,NA
223,경기도 오산시 운천로 61031-376-8872,NA,NA
224,경기도 오산시 원동로 74,NA,NA
225,"""경기도 용인시 기흥구 강남로 3",NA,NA
226,경기도 용인시 기흥구 구갈로 71-18,NA,NA
227,"""경기도 용인시 기흥구 기흥역로 63",NA,NA
228,경기도 용인시 기흥구 어정로 102,NA,NA
229,경기도 용인시 기흥구 용구대로 1877,NA,NA
230,경기도 용인시 기흥구 용구대로 2330031-284-2958,NA,NA
231,경기도 용인시 기흥구 용구대로 2457,NA,NA
232,"""경기도 용인시 기흥구 죽전로 20",NA,NA
233,경기도 용인시 기흥구 중부대로 56031-273-8703,NA,NA
234,경기도 용인시 기흥구 중부대로 769-6,NA,NA
235,경기도 용인시 수지구 광교마을로 41,NA,NA
236,경기도 용인시 수지구 성복2로 55,37.315838,127.0727261
237,경기도 용인시 수지구 손곡로 031-276-5822,NA,NA
238,경기도 용인시 수지구 수지로 203,37.32388435,127.09040208424383
239,"""경기도 용인시 수지구 수지로296번길 51-11",NA,NA
240,"""경기도 용인시 수지구 용구대로 2750",37.3311898,127.1098971
241,경기도 용인시 수지구 죽전로168번길 18,NA,NA
242,"""경기도 용인시 수지구 포은대로 536",NA,NA
243,"""경기도 용인시 수지구 포은대로 536",NA,NA
244,"""경기도 용인시 수지구 포은대로 552",NA,NA
245,경기도 용인시 수지구 현암로 140,37.3315936,127.1250543
246,경기도 용인시 처인구 금령로 60,NA,NA
247,경기도 용인시 처인구 백옥대로 1174,NA,NA
248,경기도 용인시 처인구 중부대로 1130031-322-3248,NA,NA
249,경기도 용인시 처인구 포곡읍 에버랜드로 199 070-8803-0022,NA,NA
250,경기도 의왕시 안양판교로 89,37.3945013,127.0229065
251,경기도 의정부시 경의로 31,NA,NA
252,경기도 의정부시 비우로 119,NA,NA
253,경기도 의정부시 시민로 468,NA,NA
254,경기도 의정부시 천보로 68,NA,NA
255,"""경기도 의정부시 청사로48번길 7",NA,NA
256,경기도 의정부시 평화로 341,37.694615,127.0447955
257,"""경기도 의정부시 평화로 525",37.694615,127.0447955
258,"""경기도 의정부시 평화로 525",37.694615,127.0447955
259,경기도 의정부시 평화로 540,37.694615,127.0447955
260,경기도 이천시 경충대로 3045,37.2802615,127.4334921
261,"""경기도 이천시 부발읍 경충대로 2100",NA,NA
262,경기도 이천시 이섭대천로 1445,37.2826112,127.4470461
263,경기도 이천시 중리천로 84,37.2758435,127.4500718
264,경기도 이천시 중부대로 중부고속도로 82031-637-9488,NA,NA
265,"""경기도 파주시 금릉역로 84",NA,NA
266,경기도 파주시 문화로 109,NA,NA
267,경기도 파주시 야당동 1066-3031-948-3558,NA,NA
268,경기도 파주시 와석순환로 135031-945-2751,NA,NA
269,경기도 파주시 탄현면 필승로 200031-8071-7389,NA,NA
270,경기도 파주시 필승로 200 031-8071-7484,NA,NA
271,경기도 평택시 경기대로 1353,NA,NA
272,경기도 평택시 관광특구로 38,NA,NA
273,경기도 평택시 비전5로 20-24,NA,NA
274,경기도 평택시 안중읍 서동대로 1459 031-683-3730,NA,NA
275,경기도 평택시 중앙2로 13,NA,NA
276,경기도 평택시 평택로 51,NA,NA
277,"""경기도 포천시 소흘읍 솔모루로 55",37.8234469,127.1410062
278,경기도 포천시 호국로 925,37.8389135,127.1552061
279,경기도 하남시 대청로 34,NA,NA
280,경기도 하남시 덕풍동 741-2 하남풍산메트하임031-793-3746,NA,NA
281,경기도 하남시 미사강변남로 35,NA,NA
282,경기도 하남시 미사강변북로30번길 130,NA,NA
283,경기도 하남시 미사대로 750,37.5453557,127.2239356
284,경기도 하남시 미사대로 750,37.5453557,127.2239356
285,경기도 하남시 미사대로 750,37.5453557,127.2239356
286,경기도 하남시 신장로 130031-793-7866,NA,NA
287,경기도 하남시 아리수로 570,37.5666222,127.1812566
288,경기도 하남시 학암동 90-33 위례스타필드031-8097-1167,NA,NA
289,경기도 화성시 남양읍 시청로 113 031-357-3260,NA,NA
290,경기도 화성시 동탄대로 495,NA,NA
291,"""경기도 화성시 동탄대로시범길 134",NA,NA
292,경기도 화성시 동탄순환대로 692,NA,NA
293,"""경기도 화성시 동탄중앙로 376",NA,NA
294,경기도 화성시 동탄지성로 104 센트럴파티오031-613-4542,NA,NA
295,"""경기도 화성시 동탄지성로 17",NA,NA
296,경기도 화성시 동탄지성로 201,NA,NA
297,"""경기도 화성시 메타폴리스로 54",NA,NA
298,경기도 화성시 봉담읍 동화길 51 031-227-3841,NA,NA
299,경기도 화성시 영통로 43,NA,NA
300,경기도 화성시 향남읍 발안로 111 031-366-5483,NA,NA
301,경기도 화성시 효행로 1013,37.2004533,127.0098261
302,경상남도 거제시 거제중앙로 1936,34.8907591,128.6221408
303,경상남도 거제시 옥포대첩로 38,34.8935596,128.6918287
304,"""경상남도 거제시 일운면 거제대로 2660",34.8422942,128.7031784
305,경상남도 거제시 장평로 12,34.8913863,128.616434
306,경상남도 김해시 가야로 182,35.2529244,128.8748738
307,경상남도 김해시 경원로 67,35.2395312,128.8610235
308,경상남도 김해시 김해대로,35.27746,128.82815
309,경상남도 김해시 김해대로 1918,35.27746,128.82815
310,경상남도 김해시 분성로 146,35.2349717,128.8948388
311,경상남도 김해시 율하3로91번길 30-5055-323-3704,NA,NA
312,경상남도 김해시 인제로 168,35.2907291,128.884078
313,경상남도 김해시 전하로304번길 24,35.2305788,128.8708441
314,경상남도 김해시 전하로304번길 24,35.2305788,128.8708441
315,경상남도 사천시 사천읍 사천대로 1844055-854-3711,NA,NA
316,경상남도 사천시 주공로 31,34.9411084,128.08635832608888
317,경상남도 양산시 동면 양산대로 532 055-387-3582,NA,NA
318,경상남도 양산시 물금읍 범어로 62055-381-8701,NA,NA
319,경상남도 양산시 물금읍 야리로 25 055-381-3473,NA,NA
320,경상남도 양산시 물금읍 증산역로 177 055-911-5367,NA,NA
321,경상남도 양산시 양산역1길 7,35.336186,129.0272435
322,"""경상남도 양산시 양산역6길 12",35.3372179,129.0275755
323,경상남도 양산시 웅상대로 860,35.3734946,129.1528663
324,경상남도 진주시 동진로 34,35.1788165,128.0916217
325,경상남도 진주시 진양호로 206 BYC빌딩1층055-741-3216,NA,NA
326,경상남도 진주시 진양호로 353,35.1932156,128.0910876
327,경상남도 진주시 진양호로527번길 3,35.1932997,128.0830067
328,경상남도 진주시 진주대로 510,35.1879091,128.086658
329,경상남도 진주시 진주대로829번길 2,35.1749785,128.0917765
330,경상남도 창원시 마산합포구 월영남로 3,35.1325343,128.5663005
331,경상남도 창원시 마산합포구 합포로 251,35.2086634,128.5820887
332,경상남도 창원시 마산합포구 해안대로 383,35.2056605,128.5832086
333,경상남도 창원시 마산회원구 3·15대로 518,35.2322793,128.5776929
334,경상남도 창원시 마산회원구 3·15대로 715,35.2322793,128.5776929
335,경상남도 창원시 마산회원구 내서읍 호원로 315 055-232-3494,NA,NA
336,경상남도 창원시 마산회원구 팔용로 158,35.2459884,128.5938149
337,경상남도 창원시 마산회원구 합성남로 6-1,35.2370357,128.585786
338,경상남도 창원시 성산구 단정로 25055-264-7864,NA,NA
339,"""경상남도 창원시 성산구 마디미로 20",35.2191904,128.6818729
340,경상남도 창원시 성산구 삼귀로 159,35.1694102,128.599214
341,경상남도 창원시 성산구 상남로 132,35.2211914,128.6808062
342,경상남도 창원시 성산구 상남로 88,35.2211914,128.6808062
343,"""경상남도 창원시 성산구 중앙대로100번길 9",35.2227993,128.6808117
344,경상남도 창원시 의창구 용지로169번길 1,NA,NA
345,경상남도 창원시 의창구 원이대로 320,35.2455264,128.6449082
346,경상남도 창원시 의창구 의창대로 68,35.2642639,128.6373733
347,경상남도 창원시 의창구 팔용로 419,35.256885,128.6144721
348,경상남도 창원시 진해구 안골로 336,35.0908591,128.788291
349,경상남도 창원시 진해구 진해대로 962,35.1128032,128.726116
350,경상남도 통영시 광도면 죽림4로 9055-646-8458,NA,NA
351,경상북도 경산시 경안로 222,35.8339555,128.7347218
352,경상북도 경산시 대학로 280,35.8348712,128.7544008
353,경상북도 경산시 대학로 280,35.8348712,128.7544008
354,경상북도 경산시 옥산로 227,35.8181021,128.727523
355,"""경상북도 경산시 청운로 16",35.8385493,128.7548503
356,경상북도 경산시 하양읍 하양로 18053-854-8650,NA,NA
357,경상북도 경주시 보문로 132-6,35.8342364,129.2845424
358,"""경상북도 경주시 보문로 510-6",35.8342364,129.2845424
359,경상북도 경주시 보문로 537,35.8389227,129.2867983
360,경상북도 경주시 원효로 105-1,35.8418216,129.2022435
361,경상북도 경주시 첨성로 125,35.8329946,129.2071315
362,경상북도 경주시 태종로 686,35.8371789,129.195713
363,경상북도 경주시 황성로1번길 4,35.8647165,129.2132175
364,"""경상북도 구미시 1공단로 212",36.1018542,128.3857501
365,경상북도 구미시 구미중앙로 94,36.1217921,128.349835
366,경상북도 구미시 금오대로 439,36.0859965,128.3605464
367,경상북도 구미시 금오산로 205,36.1129452,128.3148032
368,경상북도 구미시 송정대로 27,36.1193983,128.3553848
369,경상북도 구미시 야은로 312,36.1258182,128.3577198
370,경상북도 구미시 옥계북로 20,36.1383747,128.4196859
371,"""경상북도 구미시 인동가산로 9-3",36.0932999,128.4371731
372,경상북도 구미시 인동중앙로 15,36.1099163,128.4231516
373,경상북도 김천시 시청로 47,36.1386222,128.1173139
374,경상북도 김천시 혁신3로 26,NA,NA
375,경상북도 문경시 새재로 906,36.75936405,128.0775843954077
376,경상북도 안동시 경북대로 379,36.5634625,128.7021611
377,경상북도 안동시 서동문로 173,36.5665435,128.7296261
378,"""경상북도 포항시 남구 냉천로 10",35.99118125,129.39897101829774
379,경상북도 포항시 남구 시청로 5,36.0180344,129.3411124
380,경상북도 포항시 남구 오천읍 원동로 15054-293-8974,NA,NA
381,경상북도 포항시 남구 중흥로 122,36.0099237,129.3478118
382,경상북도 포항시 남구 중흥로 77,36.012758399999996,129.34890485
383,경상북도 포항시 남구 포스코대로 124,36.025627,129.3435979
384,경상북도 포항시 남구 포스코대로 340,36.025627,129.3435979
385,경상북도 포항시 북구 불종로 41,36.0381808,129.3670423
386,경상북도 포항시 북구 삼호로 186,36.050029,129.3713858
387,경상북도 포항시 북구 새천년대로 1255,36.074484600000005,129.38428948902998
388,경상북도 포항시 북구 새천년대로 486 699-1 에스오일054-274-3723,NA,NA
389,경상북도 포항시 북구 장량로 162,36.08147375,129.3981871494799
390,광주광역시 광산구 목련로 335,35.1791145,126.83007677235872
391,광주광역시 광산구 사암로 367,35.1634249,126.8083833
392,"""광주광역시 광산구 사암로216번길 38-16",35.1633629,126.8104855
393,광주광역시 광산구 상무대로205번길 6,35.1381426,126.7911265
394,광주광역시 광산구 용아로 342,35.173564549999995,126.80417130361701
395,광주광역시 광산구 임방울대로 156,35.1722156,126.8187821
396,광주광역시 광산구 임방울대로 487,35.1722156,126.8187821
397,"""광주광역시 광산구 장신로 134",35.190466349999994,126.82473090856382
398,광주광역시 광산구 장신로 85,35.1909264,126.8100412
399,광주광역시 광산구 첨단중앙로 104,35.216959599999996,126.84104272410256
400,광주광역시 광산구 첨단중앙로 158,35.2075301,126.8428195
401,광주광역시 남구 대남대로 386062-352-3725,NA,NA
402,광주광역시 남구 대남대로 67,35.1366417,126.8982715
403,"""광주광역시 남구 봉선로 176",35.12281065,126.91429925
404,광주광역시 남구 봉선중앙로 51,35.12541625,126.91117247416051
405,광주광역시 남구 서문대로 665,35.0995086,126.877642
406,광주광역시 남구 서문대로 745,35.0995086,126.877642
407,"""광주광역시 남구 임암동 141-3",35.1036046,126.8712642
408,광주광역시 남구 제석로 104,35.1251027,126.907992
409,광주광역시 남구 회재로 1256,35.0916809,126.8267385
410,광주광역시 동구 동명로 16,35.1524295,126.9258396
411,광주광역시 동구 무등로 592,35.1588051,126.92786
412,광주광역시 동구 서석로 43,35.1473032,126.9190117
413,광주광역시 동구 중앙로160번길 14,35.1473415,126.9146336
414,광주광역시 동구 증심사길 16,35.12701,126.9686
415,광주광역시 동구 지산로 3,35.14462415,126.93015000074102
416,광주광역시 동구 충장로 65,35.1494211,126.9149019254707
417,광주광역시 동구 충장로 93-5,35.1479162,126.9175025
418,광주광역시 동구 필문대로 240062-223-3731,NA,NA
419,광주광역시 북구 북문대로 78,35.1879666,126.8629092
420,광주광역시 북구 삼정로 4,35.1717026,126.9341396
421,광주광역시 북구 서방로9번길 30,35.17479105,126.91442077025317
422,광주광역시 북구 서암대로 93,35.1678641,126.9048539
423,광주광역시 북구 설죽로 339,35.2030917,126.8975428
424,광주광역시 북구 설죽로 518,35.205481,126.8980269
425,"""광주광역시 북구 우치로 110",35.2170701,126.9029235
426,광주광역시 북구 임방울대로 1016,35.2136667,126.8673568
427,광주광역시 북구 저불로 45,35.1760071,126.8959527
428,광주광역시 북구 첨단연신로 101,35.21324945,126.85915066521709
429,광주광역시 서구 무진대로 932 번지 신세계 백화점 1층062-360-1137,NA,NA
430,광주광역시 서구 상무대로 1080062-362-3539,NA,NA
431,광주광역시 서구 상무대로 847,35.1499574,126.85482189999999
432,"""광주광역시 서구 상무자유로 173",35.1520137,126.85341508611137
433,광주광역시 서구 상무중앙로 46,35.15110115,126.84890295008671
434,"""광주광역시 서구 상무중앙로 7",35.1475502,126.84792455654386
435,광주광역시 서구 상무중앙로 75,35.1645781,126.8482239
436,"""광주광역시 서구 상무중앙로 90",35.15491175,126.84888556437876
437,광주광역시 서구 운천로 107,35.1324967,126.8593585
438,광주광역시 서구 운천로 253,35.15496355,126.85441020386395
439,광주광역시 서구 죽봉대로 33,35.159318,126.883289
440,"""광주광역시 서구 죽봉대로 61",35.15870055,126.8820396812126
441,광주광역시 서구 풍암2로 8,35.1268357,126.87962197227395
442,"""광주광역시 서구 하남대로 672-1",35.1716203,126.8661281
443,대구광역시 남구 봉덕로 25,NA,NA
444,대구광역시 달서구 계대동문로 108053-586-6798,NA,NA
445,대구광역시 달서구 계대동문로 13,35.8556268,128.4921751
446,대구광역시 달서구 구마로 265,35.83781385,128.55685599381496
447,대구광역시 달서구 달구벌대로 1035,35.85332065,128.4814943453631
448,대구광역시 달서구 달구벌대로 1393053-592-8990,NA,NA
449,대구광역시 달서구 달구벌대로 1710,35.8534093,128.4730219
450,대구광역시 달서구 달구벌대로 1798,35.8588202,128.5619305
451,대구광역시 달서구 상화로 314,35.808085,128.5507239
452,대구광역시 달서구 와룡로 131 053-567-8932,NA,NA
453,대구광역시 달서구 와룡로 169 053-552-3634,NA,NA
454,대구광역시 달서구 월곡로 225,35.8200861,128.5364762
455,대구광역시 달서구 월곡로 334,35.8227462,128.53364169899595
456,대구광역시 달서구 월배로 210,35.8205474,128.5422958
457,대구광역시 달서구 월배로 315,35.8205474,128.5422958
458,대구광역시 달서구 월배로 91,35.814437,128.52434131569083
459,"""대구광역시 달서구 이곡공원로 26",35.8552236,128.5169763
460,대구광역시 달서구 조암로 41,35.8179732,128.5144478
461,대구광역시 달서구 화암로 379053-638-3255,NA,NA
462,대구광역시 달성군 달구벌대로 861,35.8573484,128.4656993
463,"""대구광역시 달성군 유가면 테크노상업로 84 대경타워 105호",NA,NA
464,대구광역시 동구 동대구로 422,35.8814017,128.6259115
465,대구광역시 동구 동부로 149 신세계백화점 대구점 3층053-661-6344,NA,NA
466,대구광역시 동구 동부로 149 신세계백화점 대구점 8층053-661-6887,NA,NA
467,대구광역시 동구 동부로30길 12,35.8715229,128.6289607
468,"""대구광역시 동구 안심로 389-2",35.8698822,128.7279683
469,대구광역시 동구 파계로 650053-986-8895,NA,NA
470,대구광역시 동구 팔공로51길 15-11,35.923143,128.6381839
471,대구광역시 동구 효동로2길 45,35.8799644,128.6503013
472,대구광역시 북구 대학로 75,35.8919107,128.6082444
473,대구광역시 북구 동천로 123053-326-8867,NA,NA
474,대구광역시 북구 유통단지로8길 78 106호,NA,NA
475,대구광역시 북구 중앙대로 524,35.8887007,128.5985659
476,대구광역시 북구 칠곡중앙대로 348,35.9394128,128.5503425
477,대구광역시 북구 침산로 126,35.9019419,128.5887299
478,대구광역시 북구 학정로 422,35.94205965,128.56374589732525
479,대구광역시 서구 서대구로 89,35.8800042,128.554914
480,"""대구광역시 수성구 달구벌대로 2435",35.86113205,128.6288864758136
481,"""대구광역시 수성구 달구벌대로 2636",35.856317700000005,128.65020268214286
482,대구광역시 수성구 달구벌대로 3216,35.8600406,128.6300781
483,대구광역시 수성구 동대구로 305,35.8576652,128.62514366542842
484,대구광역시 수성구 동대구로 376,35.8614191,128.6292666
485,대구광역시 수성구 동대구로 401,NA,NA
486,대구광역시 수성구 동대구로 95,35.8391225,128.62317176126282
487,대구광역시 수성구 들안로 342,35.838718,128.6174404
488,대구광역시 수성구 명덕로 460,35.8544319,128.6157626
489,대구광역시 수성구 무학로 29,35.831610049999995,128.62226577640018
490,대구광역시 수성구 수성로 243,35.850452,128.6132066
491,"""대구광역시 수성구 수성로 393",35.8614219,128.6142652
492,대구광역시 수성구 수성못길 4,35.8277462,128.6218398
493,대구광역시 수성구 용학로 56,35.8202558,128.635494
494,"""대구광역시 수성구 지범로 191",35.8213168,128.639977
495,대구광역시 수성구 청수로 164,35.8391043,128.6258893614367
496,대구광역시 수성구 청수로 51,35.8434397,128.6422757
497,대구광역시 수성구 청호로 318,35.845754150000005,128.6391207245482
498,대구광역시 수성구 화랑로 112,35.8728197,128.6389606
499,대구광역시 중구 국채보상로 582,35.8706155,128.59431467476844
500,대구광역시 중구 국채보상로 611,35.8721556,128.5684852
501,대구광역시 중구 국채보상로 642,35.8705926,128.5973529
502,대구광역시 중구 남성로 61,35.8667152,128.593521
503,대구광역시 중구 달구벌대로 2085,35.86629205,128.59180998915195
504,대구광역시 중구 달구벌대로415길 1,35.8682147,128.5902802
505,대구광역시 중구 동성로 4,35.86989835,128.5968236
506,대구광역시 중구 동성로5길 38,35.8673876,128.5977543
507,대구광역시 중구 동성로5길 62,35.8673876,128.5977543
508,대전광역시 대덕구 대덕대로 1544,36.4385919,127.3950892
509,대전광역시 대덕구 동서대로 1776,36.3537333,127.4437091
510,"""대전광역시 대덕구 송촌북로36번길 36",36.3658254,127.4371576
511,대전광역시 대덕구 한밭대로 1122,36.357546,127.4074328
512,대전광역시 동구 동구청로 101,36.3070311,127.4563285
513,대전광역시 동구 동서대로 1658,36.3477334,127.4308491
514,"""대전광역시 동구 동서대로 1689",36.350391200000004,127.43668819461087
515,대전광역시 동구 동서대로1695번길 4,36.3531482,127.4371511
516,대전광역시 동구 옥천로 118,36.31717555,127.45348629326986
517,대전광역시 서구 계룡로 692,36.3541107,127.366625
518,대전광역시 서구 계백로 1128,36.308103,127.3656957
519,대전광역시 서구 관저동로 170,36.2932173,127.340474
520,대전광역시 서구 관저로 142,36.2998869,127.3391547
521,대전광역시 서구 대덕대로 189,36.3490499,127.376956
522,대전광역시 서구 대덕대로234번길 18,36.3535841,127.3819766
523,대전광역시 서구 대덕대로241번길 35,36.3544217,127.3771472
524,대전광역시 서구 동서대로 682,36.3343474,127.368152
525,대전광역시 서구 둔산남로 100,36.3489969,127.3936872
526,대전광역시 서구 둔산남로 50,36.34814685,127.38349470381337
527,대전광역시 서구 둔산로 142,36.3513139,127.3785337
528,대전광역시 서구 둔산로123번길 43,36.3524871,127.3876872
529,"""대전광역시 서구 둔산로31번길 28",36.3533897,127.3786616
530,"""대전광역시 서구 둔산중로134번길 13",36.358952,127.3875776
531,대전광역시 서구 만년로 81,36.367626,127.3820397
532,"""대전광역시 서구 문정로 78",36.3577521,127.3952676
533,대전광역시 서구 문정로2번길 95,36.3437745,127.3823275
534,대전광역시 서구 복수남로 28,36.2985893,127.3770491
535,대전광역시 서구 청사로123번길 25,36.3611875,127.377528
536,대전광역시 서구 한밭대로 580,36.3589471,127.3599388
537,대전광역시 서구 한밭대로 755,36.3589471,127.3599388
538,대전광역시 유성구 대학로 82,36.3609051,127.3448091
539,대전광역시 유성구 도안대로 573,36.3458496,127.3406356
540,대전광역시 유성구 어은로 42,36.3629625,127.3568185
541,대전광역시 유성구 엑스포로 97번길 40042-867-8873,NA,NA
542,대전광역시 유성구 온천서로 2,36.3573221,127.3394849
543,대전광역시 유성구 유성대로 1722,36.3580156,127.3320693
544,대전광역시 유성구 유성대로 781,36.3580156,127.3320693
545,"""대전광역시 유성구 은구비남로33번길 26",36.3741126,127.3193423
546,대전광역시 유성구 지족로 373,36.384276,127.303299
547,대전광역시 유성구 태크노중앙로 68042-934-9870,NA,NA
548,대전광역시 유성구 테크노4로 105,36.425302450000004,127.3897730193358
549,대전광역시 중구 계룡로 949,36.3228897,127.4119959
550,대전광역시 중구 계백로 1604,36.315604,127.3867137
551,"""대전광역시 중구 계백로 1700",36.320551800000004,127.408793
552,"""대전광역시 중구 계백로 1700",36.320551800000004,127.408793
553,대전광역시 중구 대종로 486,36.327848700000004,127.42653568162888
554,대전광역시 중구 중앙로 164,36.3291091,127.42764034877919
555,대전광역시 중구 태평로 71,36.3275764,127.3958616
556,부산광역시 강서구 명지국제5로 42,35.1072946,128.921464
557,부산광역시 강서구 명지국제7로 133 3438 스타필드 명지 1층051-990-0160,NA,NA
558,부산광역시 강서구 명지오션시티11로 66,35.084331,128.9011613
559,부산광역시 금정구 금샘로 459051-515-8906,NA,NA
560,"""부산광역시 금정구 금정로68번길 2",35.2305665,129.0875999
561,부산광역시 금정구 부산대학로64번길 12,35.2354925,129.0862104
562,부산광역시 금정구 식물원로 13,35.2249119,129.0841191
563,"""부산광역시 금정구 장전로12번길 64",35.229477,129.0881751
564,부산광역시 금정구 중앙대로 1730,35.2748285,129.0925655
565,부산광역시 금정구 중앙대로1841번길 24,35.2486404,129.0915755
566,부산광역시 기장군 기장읍 기장대로 527 051-723-8809,NA,NA
567,부산광역시 기장군 기장읍 기장해안로 56 051-723-3279,NA,NA
568,부산광역시 기장군 정관로 1133,35.3245085,129.2043282
569,부산광역시 기장군 정관읍 정관로 579 051-728-2663,NA,NA
570,부산광역시 남구 문현금융로 40,35.147194400000004,129.06562289539363
571,"""부산광역시 남구 분포로 145",35.13537,129.1117173
572,"""부산광역시 남구 수영로 240-1",35.1347832,129.0869259
573,부산광역시 남구 수영로 312,35.1347832,129.0869259
574,부산광역시 남구 수영로 345 대연힐스테이트 115동 121호051-623-7863,NA,NA
575,부산광역시 남구 신선로 423,35.1184913,129.078192
576,부산광역시 동구 조방로 4,35.1375381,129.0634497
577,부산광역시 동구 중앙대로 216,35.1356153,129.0556928
578,부산광역시 동구 중앙대로196번길 10,35.113619549999996,129.04017129842262
579,부산광역시 동구 중앙대로214번길 7-8,35.11653315,129.0419916902399
580,부산광역시 동래구 동래로 25 051-555-3421,NA,NA
581,부산광역시 동래구 사직북로 24,35.1982376,129.0602821
582,부산광역시 동래구 사직북로 4,35.1982376,129.0602821
583,"""부산광역시 동래구 중앙대로 1523",35.2212535,129.0856217
584,부산광역시 동래구 충렬대로 101,35.194944,129.11088537413247
585,부산광역시 동래구 충렬대로 446,35.1969453,129.1018039
586,부산광역시 동래구 충렬대로181번길 42 051-558-3605,NA,NA
587,부산광역시 부산진구 가야대로 462,35.1574775,129.0509303
588,부산광역시 부산진구 가야대로 589,35.1574775,129.0509303
589,"""부산광역시 부산진구 가야대로 783-1",35.1577,129.05287
590,부산광역시 부산진구 동천로 92,35.1567337,129.0628163
591,부산광역시 부산진구 서면로 49-1,35.1507646,129.0580675
592,부산광역시 부산진구 서면로68번길 1,35.15687055,129.05806721954787
593,부산광역시 부산진구 서전로 1,35.15757905,129.06169381309002
594,부산광역시 부산진구 서전로 19,35.1577768,129.0682586
595,부산광역시 부산진구 시민공원로 31,35.163654550000004,129.05238066415626
596,부산광역시 부산진구 전포대로199번길 27,35.1549437,129.0630224
597,부산광역시 부산진구 중앙대로 672,35.15309165,129.05956368982243
598,"""부산광역시 부산진구 중앙대로 701",35.1554609,129.0589374
599,"""부산광역시 부산진구 중앙대로 777",35.1506861,129.0592249
600,부산광역시 부산진구 중앙대로 894,35.1506861,129.0592249
601,부산광역시 부산진구 중앙대로666번길 50,35.1522042,129.0614356
602,부산광역시 부산진구 중앙대로692번길 46-10,35.1540973,129.0615567
603,부산광역시 북구 금곡대로285번길 5,35.2341686,129.0107549
604,부산광역시 북구 만덕대로 30,35.2131514,129.0174487
605,부산광역시 사상구 가야대로 338,35.1513127,128.9779784
606,부산광역시 사상구 백양대로 520,35.1911303,128.991139
607,부산광역시 사상구 사상로 211,35.1547615,128.9935297
608,부산광역시 사하구 낙동남로 1411,35.1063637,128.9571785
609,부산광역시 사하구 낙동대로 455,35.099261,128.9898741
610,부산광역시 사하구 낙동대로550번길 14,35.1132081,128.965059
611,부산광역시 사하구 다대로 493,35.0612947,128.9558431
612,부산광역시 사하구 다대로 714,35.0792979,128.9510983
613,부산광역시 사하구 사하로186번길 6,35.0990285,128.9958869
614,부산광역시 사하구 하신번영로 381-6,35.1060465,128.9585882
615,부산광역시 서구 구덕로 212,35.1078622,129.0199939
616,부산광역시 서구 구덕로322번길 7,35.112954,129.0178849
617,부산광역시 수영구 과정로 68,35.1780184,129.1072311
618,부산광역시 수영구 광안로62번길 39,NA,NA
619,부산광역시 수영구 광안해변로 247,35.155404,129.1326321
620,부산광역시 수영구 남천바다로 38,35.1492273,129.1129712
621,부산광역시 수영구 민락수변로 29,35.1549984,129.1238471
622,부산광역시 수영구 수영로 671,35.1553169,129.1116584
623,부산광역시 수영구 수영로464번길 6,35.1471726,129.1111489
624,부산광역시 연제구 교대로 20-2,35.1938984,129.0757183
625,부산광역시 연제구 명륜로 3,35.1964692,129.08073314846368
626,부산광역시 연제구 반송로 20,35.189107,129.0856044
627,부산광역시 연제구 중앙대로 1091,35.1860649,129.0817351
628,부산광역시 연제구 중앙대로 1125,35.1860649,129.0817351
629,부산광역시 중구 광복중앙로 8-2,35.100694,129.0310682
630,"""부산광역시 중구 구덕로 4",35.0974378,129.0351192
631,부산광역시 중구 구덕로 54-1,35.0974378,129.0351192
632,부산광역시 중구 대청로 80,35.1031712,129.0246249
633,부산광역시 중구 비프광장로 25,35.0988786,129.0289984
634,부산광역시 중구 중앙대로81번길 2,35.1049364,129.0355194
635,"""부산광역시 해운대구 APEC로 55",35.1688423,129.13634149167774
636,부산광역시 해운대구 구남로 49,35.1619443,129.1601971
637,부산광역시 해운대구 구남로 9,35.1619443,129.1601971
638,부산광역시 해운대구 달맞이길 189,35.16398,129.18567
639,부산광역시 해운대구 달맞이길 57,35.16398,129.18567
640,"""부산광역시 해운대구 마린시티2로 33",35.15691425,129.14605706382955
641,부산광역시 해운대구 마린시티2로 38,35.1560547,129.142010578125
642,부산광역시 해운대구 센텀2로 10,35.1670596,129.1325377
643,"""부산광역시 해운대구 센텀2로 25",35.1670596,129.1325377
644,부산광역시 해운대구 센텀4로 15,35.1699321,129.12832467507744
645,부산광역시 해운대구 센텀남대로 35,NA,NA
646,"""부산광역시 해운대구 센텀남대로 35",NA,NA
647,"""부산광역시 해운대구 센텀동로 25",35.1715954,129.1308347
648,"""부산광역시 해운대구 센텀동로 9",35.1737398,129.1303714
649,부산광역시 해운대구 센텀서로 30,35.1723109,129.1274832
650,"""부산광역시 해운대구 센텀중앙로 145",35.1751932,129.1257849
651,부산광역시 해운대구 센텀중앙로 78,35.1746921,129.1266023
652,부산광역시 해운대구 송정해변로 36,35.179532,129.200078
653,부산광역시 해운대구 수영강변대로 516,35.2008928,129.116902
654,부산광역시 해운대구 좌동로 96,35.172302,129.1755773044543
655,"""부산광역시 해운대구 좌동순환로 511",35.1661006,129.16738615062553
656,부산광역시 해운대구 해운대로 189,35.1765356,129.1843323
657,부산광역시 해운대구 해운대로 802,35.1765356,129.1843323
658,부산광역시 해운대구 해운대해변로 163,35.1612248,129.16388
659,"""부산광역시 해운대구 해운대해변로 197",35.15847095,129.1528096545468
660,"""부산광역시 해운대구 해운대해변로 257",35.1612248,129.16388
661,"""부산광역시 해운대구 해운대해변로298번길 24",35.16026995,129.16603601638957
662,서울 노원구 노원로 449 02-931-3660,NA,NA
663,서울 서대문구 가재울미래로 2 02-304-3724,NA,NA
664,서울 성북구 도봉로 17 02-982-3806,NA,NA
665,서울시 광진구 능동로243 02-464-3656,NA,NA
666,서울시 광진구 천호대로 676 02-455-3637,NA,NA
667,서울시 노원구 마들로3길 15 02-971-3748,NA,NA
668,서울시 성동구 왕십리로50 1층 일부02-462-3851,NA,NA
669,서울시 은평구 진관3로 21 은평엘크루 101동 105-108호02-389-3557,NA,NA
670,서울시 은평구 통일로 715 02-352-3711,NA,NA
671,서울시 종로구 대학로12길 4 1~2층02-742-3673,NA,NA
672,서울시 중구 세종대로 39 상공회의소회관 1층02-6050-1180,NA,NA
673,서울특별시 강남구 강남대로 282,37.4979888,127.0277003
674,서울특별시 강남구 강남대로 328,37.4979888,127.0277003
675,서울특별시 강남구 강남대로 390,37.4979888,127.0277003
676,"""서울특별시 강남구 강남대로 456",37.5031064,127.0255807
677,서울특별시 강남구 강남대로 538,37.4865822,127.0331854
678,서울특별시 강남구 광평로 281,37.4850444,127.0757608
679,서울특별시 강남구 남부순환로 2621,37.485271299999994,127.03667786513964
680,서울특별시 강남구 남부순환로 2909,37.4920442,127.0573092
681,"""서울특별시 강남구 남부순환로 2936",37.4933484,127.0618811053215
682,서울특별시 강남구 남부순환로 2947,37.4945293,127.062677
683,서울특별시 강남구 논현로 401,37.5181751,127.0288611
684,서울특별시 강남구 논현로 508,37.5181751,127.0288611
685,서울특별시 강남구 논현로 648,37.5181751,127.0288611
686,서울특별시 강남구 논현로 704,37.5181751,127.0288611
687,"""서울특별시 강남구 논현로 752",37.5181751,127.0288611
688,서울특별시 강남구 논현로 841,37.5181751,127.0288611
689,서울특별시 강남구 논현로 88,37.5181751,127.0288611
690,"""서울특별시 강남구 논현로175길 94",37.523185749999996,127.02163624166496
691,서울특별시 강남구 도곡로 183,37.493294,127.0438168
692,서울특별시 강남구 도곡로 205,37.49418685,127.049732
693,"""서울특별시 강남구 도곡로 408",37.4966373,127.0553818
694,서울특별시 강남구 도곡로 457,37.4989632,127.0602104
695,서울특별시 강남구 도곡로 511,37.4996032,127.0623044
696,서울특별시 강남구 도산대로 108,37.5246219,127.050014
697,"""서울특별시 강남구 도산대로 134",37.5246219,127.050014
698,서울특별시 강남구 도산대로 328,37.5246219,127.050014
699,서울특별시 강남구 도산대로 458,37.5238456,127.0467767
700,"""서울특별시 강남구 도산대로 532",37.52434065,127.05156830810523
701,서울특별시 강남구 도산대로57길 24,37.5252947,127.0417091
702,서울특별시 강남구 밤고개로1길 10,37.4880133,127.1018308
703,"""서울특별시 강남구 봉은사로 213",37.508547,127.0379665
704,"""서울특별시 강남구 봉은사로 304",37.508547,127.0379665
705,서울특별시 강남구 봉은사로 407,37.508547,127.0379665
706,서울특별시 강남구 봉은사로 446,37.508547,127.0379665
707,서울특별시 강남구 봉은사로2길 39,37.5028453,127.0261846
708,서울특별시 강남구 삼성로 402,37.4856604,127.06848119991864
709,서울특별시 강남구 삼성로 605,37.4983149,127.0611358
710,"""서울특별시 강남구 삼성로86길 7",37.5059317,127.0588595
711,"""서울특별시 강남구 선릉로 669",37.4894951,127.0558449
712,"""서울특별시 강남구 선릉로 836",37.4894951,127.0558449
713,"""서울특별시 강남구 선릉로93길 22",37.5048128,127.0467862
714,"""서울특별시 강남구 압구정로 170",37.5237282,127.0217316
715,서울특별시 강남구 압구정로12길 32,37.5218246,127.0227432
716,서울특별시 강남구 압구정로30길 17,37.524714,127.0290956
717,서울특별시 강남구 압구정로42길 32,37.5268994,127.0349294
718,서울특별시 강남구 언주로 425,37.493166,127.0473278
719,서울특별시 강남구 언주로 650,37.493166,127.0473278
720,서울특별시 강남구 언주로 861,37.493166,127.0473278
721,서울특별시 강남구 언주로174길 29,37.528268,127.0354784
722,"""서울특별시 강남구 언주로30길 57",37.490082,127.0550987
723,서울특별시 강남구 역삼로 123,37.4935763,127.0317745
724,서울특별시 강남구 영동대로 215,37.49798545,127.06854191552031
725,서울특별시 강남구 영동대로 513,37.5118203,127.0591391
726,서울특별시 강남구 영동대로 513,37.5118203,127.0591391
727,서울특별시 강남구 영동대로 616,37.5023378,127.0668565
728,서울특별시 강남구 영동대로 720,37.52219355,127.05651926230328
729,"""서울특별시 강남구 영동대로86길 12",37.5079009,127.0652472
730,서울특별시 강남구 테헤란로 125,37.4995636,127.0316861
731,"""서울특별시 강남구 테헤란로 134",37.4981,127.0283071
732,서울특별시 강남구 테헤란로 142,37.4981,127.0283071
733,"""서울특별시 강남구 테헤란로 145",37.4981,127.0283071
734,"""서울특별시 강남구 테헤란로 211",37.4995568,127.033126
735,"""서울특별시 강남구 테헤란로 223",37.4995568,127.033126
736,"""서울특별시 강남구 테헤란로 305",37.4995568,127.033126
737,서울특별시 강남구 테헤란로 306,37.4995568,127.033126
738,"""서울특별시 강남구 테헤란로 334",37.50386695,127.04847265
739,서울특별시 강남구 테헤란로 409,37.4981,127.0283071
740,"""서울특별시 강남구 테헤란로 443",37.4981,127.0283071
741,서울특별시 강남구 테헤란로 505,37.5075887,127.0574294
742,서울특별시 강남구 테헤란로 518,37.50762445,127.06070585
743,서울특별시 강남구 테헤란로103길 9,37.5100587,127.06393091208275
744,"""서울특별시 강남구 테헤란로2길 27",37.4965901,127.0295651
745,"""서울특별시 강남구 테헤란로64길 18",37.503769,127.05118915555443
746,서울특별시 강남구 테헤란로87길 33,37.508357,127.0591186
747,서울특별시 강남구 학동로 419,37.5210828,127.060056
748,서울특별시 강남구 학동로 506,37.5210828,127.060056
749,서울특별시 강동구 강동대로 171,37.5264801,127.1227966
750,서울특별시 강동구 고덕로 43,37.5543004,127.1430187
751,서울특별시 강동구 동남로75길 5,37.5541673,127.1562194
752,"""서울특별시 강동구 상일로10길 36",37.5512005,127.1740861
753,서울특별시 강동구 성내로 32,37.5299383,127.1209632
754,서울특별시 강동구 양재대로 1303,37.5536295,127.1432235
755,"""서울특별시 강동구 양재대로 1441",37.5536295,127.1432235
756,서울특별시 강동구 양재대로 1487,37.5536295,127.1432235
757,서울특별시 강동구 양재대로 1647,37.5536295,127.1432235
758,"""서울특별시 강동구 천호대로 1012",37.5350713,127.1351601
759,서울특별시 강동구 천호대로 1015-14,37.5350713,127.1351601
760,서울특별시 강동구 천호대로 1037,37.5350713,127.1351601
761,"""서울특별시 강동구 천호대로 1089",37.5350713,127.1351601
762,서울특별시 강북구 도봉로 196,37.6290169,127.025277
763,서울특별시 강북구 도봉로 32,37.6290169,127.025277
764,서울특별시 강북구 도봉로 342,37.6379035,127.0260171
765,서울특별시 강북구 도봉로 365,37.6290169,127.025277
766,서울특별시 강북구 삼양로 161,37.61832245,127.02122176294081
767,서울특별시 강서구 강서로 267,37.5497037,126.8360897
768,서울특별시 강서구 강서로 388,37.5602147,126.8391078
769,서울특별시 강서구 강서로 463,37.5668483,126.8405844
770,서울특별시 강서구 강서로13길 3,37.5319384,126.8453191
771,서울특별시 강서구 공항대로 248,37.5471964,126.8771624
772,서울특별시 강서구 공항대로 329,37.55827755,126.84437119477363
773,서울특별시 강서구 공항대로 627,37.5472969,126.8745687
774,서울특별시 강서구 등촌로 57,37.5379894,126.8635303
775,서울특별시 강서구 마곡동로 62,37.5641391,126.8340469
776,"""서울특별시 강서구 마곡중앙6로 16",37.5603397,126.833454
777,서울특별시 강서구 마곡중앙로 161-17,37.5599103,126.8268895
778,서울특별시 강서구 방화대로 375,37.5561974,126.8162692
779,서울특별시 강서구 양천로 476,37.5616889,126.8533139
780,"""서울특별시 강서구 양천로 559",37.55820575,126.86183265973577
781,서울특별시 강서구 화곡로 142,37.5460773,126.8450553
782,서울특별시 관악구 관악로 158,37.47931845,126.9528247992159
783,서울특별시 관악구 남부순환로 1419,37.4846626,126.9325111
784,서울특별시 관악구 남부순환로 1619,37.4846626,126.9325111
785,서울특별시 관악구 남부순환로 1812,37.4811141,126.95130261986172
786,서울특별시 관악구 남부순환로 1817,37.48166275,126.95215870091016
787,서울특별시 관악구 남부순환로 1908,37.477672,126.9611884964311
788,서울특별시 관악구 남부순환로 1948,37.4761494,126.9651315
789,서울특별시 관악구 남부순환로 2082-2502-758-8721,NA,NA
790,"""서울특별시 관악구 보라매로3길 23",37.4915152,126.9255097
791,"""서울특별시 관악구 신림로 330",37.48377515,126.93014425205124
792,서울특별시 관악구 신림로 355-1,37.4841114,126.9296625
793,서울특별시 광진구 광나루로 519,37.5401145,127.0972991
794,서울특별시 광진구 광나루로 608,37.5401145,127.0972991
795,서울특별시 광진구 구의강변로 64,37.536088050000004,127.09271942512126
796,서울특별시 광진구 능동로 107,37.5657003,127.0841887
797,서울특별시 광진구 능동로 117,37.5416186,127.0711783
798,서울특별시 광진구 능동로 50,37.5657003,127.0841887
799,서울특별시 광진구 능동로 90,37.5383892,127.07093316420863
800,서울특별시 광진구 아차산로 262,37.5451366,127.1043841
801,서울특별시 광진구 아차산로 35502-758-8865,NA,NA
802,서울특별시 광진구 아차산로 373,37.5451366,127.1043841
803,서울특별시 광진구 아차산로 537-17,37.5451366,127.1043841
804,"""서울특별시 광진구 아차산로 607",37.5451366,127.1043841
805,서울특별시 광진구 천호대로 548,37.5448064,127.105672
806,서울특별시 구로구 경인로 216,37.4973462,126.8640144
807,서울특별시 구로구 경인로 610,37.4973462,126.8640144
808,서울특별시 구로구 경인로 662,37.4973462,126.8640144
809,서울특별시 구로구 경인로 662,37.4973462,126.8640144
810,"""서울특별시 구로구 디지털로 285",37.48579,126.89631
811,"""서울특별시 구로구 디지털로26길 5",37.48081,126.89595
812,"""서울특별시 구로구 디지털로31길 61",37.48591185,126.89156450483435
813,서울특별시 구로구 디지털로32길 30,37.4839057,126.8968543
814,"""서울특별시 구로구 디지털로32길 72",37.4839057,126.8968543
815,"""서울특별시 구로구 디지털로33길 11",37.4855974,126.8956725
816,서울특별시 금천구 가산디지털1로 128,37.4798361,126.8808487
817,서울특별시 금천구 가산디지털1로 168,37.4798361,126.8808487
818,서울특별시 금천구 가산디지털1로 171,37.4798361,126.8808487
819,서울특별시 금천구 두산로 70,37.4695552,126.8980525
820,서울특별시 금천구 디지털로 188,37.4773613,126.88771096865983
821,"""서울특별시 금천구 디지털로9길 32",37.48195,126.88525
822,서울특별시 금천구 벚꽃로 266 마리오아울렛3관02-758-8542,NA,NA
823,서울특별시 금천구 벚꽃로 298,37.4576832,126.893558
824,서울특별시 금천구 시흥대로 164,37.448860100000005,126.90326799249004
825,서울특별시 금천구 시흥대로 426,37.4374006,126.9029249
826,"""서울특별시 노원구 노원로 569",37.6614404,127.0549701
827,"""서울특별시 노원구 노해로 502",37.6551886,127.0644879
828,서울특별시 노원구 동일로 1015,37.6755171,127.0551345
829,서울특별시 노원구 동일로 1081,37.6755171,127.0551345
830,"""서울특별시 노원구 동일로 1339",37.6755171,127.0551345
831,"""서울특별시 노원구 동일로 1413",37.6755171,127.0551345
832,서울특별시 노원구 마들로3길 15,37.6264787,127.0620026279721
833,서울특별시 노원구 석계로 104,37.62,127.06322
834,"""서울특별시 노원구 중계로 217",37.6461201,127.0820192
835,서울특별시 노원구 화랑로 621,37.6172828,127.073557
836,서울특별시 도봉구 노해로65길 4,37.6514619,127.0468263
837,서울특별시 도봉구 도봉로 480,37.6806064,127.0455927
838,서울특별시 동대문구 경희대로 16-1,37.5928383,127.05275085
839,서울특별시 동대문구 왕산로 19,37.5768696,127.0256025
840,서울특별시 동대문구 이문로 37,37.59696,127.06058
841,서울특별시 동대문구 이문로 93,37.59696,127.06058
842,서울특별시 동대문구 장한로 10,37.561392,127.064624
843,서울특별시 동대문구 천호대로 263,37.574054,127.0342724
844,서울특별시 동대문구 회기로 141,37.5899435,127.0567032
845,서울특별시 동대문구 휘경로 12-1,37.5957882,127.0614421
846,서울특별시 동작구 노량진로 134,37.5127287,126.9493459
847,"""서울특별시 동작구 노량진로 190",37.5127287,126.9493459
848,"""서울특별시 동작구 동작대로 21",37.5059137,126.9806884
849,"""서울특별시 동작구 보라매로5길 35",37.4928687,126.9241704
850,서울특별시 동작구 사당로 219,37.483358,126.9759536
851,서울특별시 동작구 사당로 300,37.483358,126.9759536
852,서울특별시 동작구 사당로 4,37.483358,126.9759536
853,서울특별시 동작구 상도로 102,37.5003153,126.931879
854,서울특별시 동작구 상도로 354,37.5020322,126.9344112
855,서울특별시 동작구 흑석로 75-1,37.5061859,126.9556954
856,서울특별시 마포구 독막로 311,37.5473372,126.9369738
857,서울특별시 마포구 독막로 88,37.5473372,126.9369738
858,서울특별시 마포구 마포대로 130,37.5409397,126.9487024
859,서울특별시 마포구 마포대로 173-14,37.5409397,126.9487024
860,"""서울특별시 마포구 마포대로 201",37.5469777,126.9531787
861,"""서울특별시 마포구 마포대로 45",37.5409397,126.9487024
862,서울특별시 마포구 마포대로 68,37.5413754,126.9490269
863,서울특별시 마포구 마포대로 86,37.5409397,126.9487024
864,서울특별시 마포구 백범로 212,37.5486691,126.9402282
865,서울특별시 마포구 백범로 23,37.5486691,126.9402282
866,서울특별시 마포구 백범로 35,37.5521044,126.9409838739227
867,서울특별시 마포구 백범로 89-5,37.5486691,126.9402282
868,서울특별시 마포구 상암산로 3402-758-8890,NA,NA
869,서울특별시 마포구 상암산로 76,37.5782114,126.8905855
870,서울특별시 마포구 서강로 69,37.551341,126.9327908
871,서울특별시 마포구 성암로 267,37.581274300000004,126.89113231352732
872,서울특별시 마포구 신촌로16길 10,37.5546777,126.9345712
873,서울특별시 마포구 양화로 105,37.5569268,126.9239947
874,서울특별시 마포구 양화로 125,37.5569268,126.9239947
875,"""서울특별시 마포구 양화로 165",37.557127300000005,126.92360343053349
876,서울특별시 마포구 양화로 178,37.557475499999995,126.92519440370589
877,"""서울특별시 마포구 양화로 45",37.5502395,126.9139625
878,"""서울특별시 마포구 양화로 45",37.5502395,126.9139625
879,서울특별시 마포구 양화로 78,37.55142165,126.91693473718843
880,"""서울특별시 마포구 와우산로 101",37.5532069,126.9247893
881,서울특별시 마포구 와우산로 64,37.549712,126.9239573
882,서울특별시 마포구 월드컵로 74,37.5558081,126.9106433
883,"""서울특별시 마포구 월드컵로1길 14",37.5492217,126.9119938
884,"""서울특별시 마포구 월드컵북로 22",37.5687343,126.9048709
885,"""서울특별시 마포구 월드컵북로 375",37.5687343,126.9048709
886,서울특별시 마포구 월드컵북로54길 17,37.5813028,126.889349
887,서울특별시 마포구 토정로 295,37.5455954,126.9259475
888,서울특별시 서대문구 거북골로 53,37.5756089,126.9133461
889,"""서울특별시 서대문구 명물길 24",37.557624,126.9374854
890,"""서울특별시 서대문구 서소문로 21",37.5625568,126.9666111
891,서울특별시 서대문구 성산로 565,37.5662022,126.9243433
892,서울특별시 서대문구 신촌로 121,37.5554826,126.9378309
893,서울특별시 서대문구 신촌로 129,37.5554826,126.9378309
894,서울특별시 서대문구 신촌로 73,37.5554826,126.9378309
895,"""서울특별시 서대문구 신촌로35길 10",37.5580649,126.9554001
896,서울특별시 서대문구 연세로 10-1,37.5559728,126.9367615
897,서울특별시 서대문구 연세로 35,37.5559728,126.9367615
898,서울특별시 서대문구 연세로 50,37.56777675,126.9394028820764
899,"""서울특별시 서대문구 연세로 50",37.56777675,126.9394028820764
900,서울특별시 서대문구 연희로 144,37.5809227,126.9361647
901,서울특별시 서대문구 연희로 97,37.5809227,126.9361647
902,서울특별시 서대문구 이화여대길 34,37.5591393,126.9434279
903,서울특별시 서대문구 이화여대길 52,37.5643371,126.94689253689391
904,서울특별시 서대문구 충정로 2302-758-8479,NA,NA
905,서울특별시 서대문구 충정로 53,37.5625316,126.9641649
906,서울특별시 서대문구 통일로 451,37.5901142,126.9419925
907,서울특별시 서초구 강남대로 202,37.4716692,127.0385388
908,서울특별시 서초구 강남대로 343,37.493550400000004,127.02922241923213
909,서울특별시 서초구 강남대로 399,37.498235199999996,127.02682069324946
910,서울특별시 서초구 강남대로 465,37.503955149999996,127.02404005992932
911,서울특별시 서초구 강남대로 483,37.4716692,127.0385388
912,서울특별시 서초구 강남대로 557,37.5102807,127.0205885
913,서울특별시 서초구 강남대로 595,37.5102807,127.0205885
914,서울특별시 서초구 강남대로85길 5,37.5074187,127.0221136
915,서울특별시 서초구 남부순환로 2395,37.4804893,127.0125628
916,서울특별시 서초구 남부순환로 2557,37.4804893,127.0125628
917,"""서울특별시 서초구 남부순환로323길 1",37.4832389,127.0130974
918,"""서울특별시 서초구 남부순환로339길 64",37.4861355,127.0226379
919,"""서울특별시 서초구 논현로 139",37.48374,127.0421
920,서울특별시 서초구 동작대로 112,37.5003986,126.9846458
921,"""서울특별시 서초구 매헌로 16",37.4625498,127.036648
922,서울특별시 서초구 반포대로 118,37.49068235,127.00862735000001
923,서울특별시 서초구 반포대로21길 3,37.4870199,127.0082034
924,서울특별시 서초구 방배로 114,37.4843749,126.996013
925,서울특별시 서초구 방배로 184,37.4843821,126.9957527
926,서울특별시 서초구 방배로 21102-536-3204,NA,NA
927,서울특별시 서초구 방배로 52,37.4843821,126.9957527
928,서울특별시 서초구 방배로 84,37.4843821,126.9957527
929,서울특별시 서초구 방배중앙로 162,37.490216,126.9872627
930,서울특별시 서초구 방배천로 5-4,37.4774396,126.9834071
931,서울특별시 서초구 사평대로 205,37.498102,126.9896806
932,서울특별시 서초구 서래로 48,37.49739,126.99831
933,서울특별시 서초구 서초대로 274,37.4964548,127.0225217
934,"""서울특별시 서초구 서초대로 3-4",37.4964548,127.0225217
935,"""서울특별시 서초구 서초대로 411",37.4980633,127.02594424057872
936,서울특별시 서초구 서초대로74길 29,37.4965785,127.0263396
937,"""서울특별시 서초구 서초대로77길 27",37.50012605,127.02545601077304
938,"""서울특별시 서초구 서초대로77길 62",37.5026991,127.0238157
939,서울특별시 서초구 서초대로78길 24,37.4944511,127.0284792
940,서울특별시 서초구 서초중앙로 118,37.4835181,127.017184
941,서울특별시 서초구 서초중앙로 138,37.4835181,127.017184
942,서울특별시 서초구 서초중앙로 164,37.493511,127.0137132
943,서울특별시 서초구 서초중앙로 22502-758-8715,NA,NA
944,"""서울특별시 서초구 서초중앙로 26",37.493511,127.0137132
945,"""서울특별시 서초구 서초중앙로 64",37.493511,127.0137132
946,서울특별시 서초구 신반포로 176,37.5041078,127.0040297300282
947,서울특별시 서초구 신반포로 176,37.5041078,127.0040297300282
948,서울특별시 서초구 신반포로 194,37.5049285,127.00559267698083
949,서울특별시 서초구 신반포로 257,37.5054256,127.0017275
950,서울특별시 서초구 잠원로 69,37.5173247,127.012058
951,서울특별시 서초구 청계산로 203,37.4391308,127.0617449
952,서울특별시 서초구 효령로 274,37.4884528,127.028033
953,서울특별시 성동구 뚝섬로 379,37.5394111,127.0529402
954,서울특별시 성동구 성수이로 94,37.5432219,127.0569197
955,서울특별시 성동구 아차산로 42,37.542342,127.0632648
956,서울특별시 성동구 왕십리광장로 17,37.561196,127.0371344
957,서울특별시 성동구 왕십리로 225,37.5600549,127.0359082
958,서울특별시 성동구 왕십리로 326,37.5600549,127.0359082
959,서울특별시 성동구 왕십리로 382,37.565078150000005,127.02805393693248
960,"""서울특별시 성동구 왕십리로 410",37.5600549,127.0359082
961,서울특별시 성동구 행당동 왕십리로 241 B1층02-758-8846,NA,NA
962,서울특별시 성북구 고려대로 102-2,37.5863582,127.0311795
963,서울특별시 성북구 고려대로 24길 51,NA,NA
964,서울특별시 성북구 동소문로 10,37.5887327,127.0073324
965,서울특별시 성북구 동소문로 314,37.6048872,127.0265619
966,"""서울특별시 성북구 동소문로 315",37.6048872,127.0265619
967,서울특별시 성북구 동소문로24길 12,37.5934927,127.0192865
968,서울특별시 성북구 보문로34길 62,37.5909058,127.0183954
969,서울특별시 성북구 성북로 11,37.5925618,127.0017971
970,서울특별시 성북구 정릉로 376,37.6034151,127.0312603
971,서울특별시 성북구 종암로 122,37.6012013,127.0339547
972,서울특별시 성북구 종암로 17,37.6066032,127.0320112
973,"""서울특별시 성북구 화랑로 76",37.6018264,127.0404642
974,서울특별시 송파구 동남로 141,37.4918211,127.126277
975,"""서울특별시 송파구 마천로 53",37.5073263,127.1280467
976,"""서울특별시 송파구 백제고분로 358",37.5038815,127.1035123
977,서울특별시 송파구 백제고분로 69,37.5038815,127.1035123
978,서울특별시 송파구 법원로 55,37.4797654,127.122408
979,서울특별시 송파구 석촌호수로 176,37.5063926,127.0967087
980,서울특별시 송파구 석촌호수로 262,37.5094344,127.105253
981,"""서울특별시 송파구 송파대로 111",37.48181255,127.12341168264231
982,"""서울특별시 송파구 송파대로 167",37.4852945,127.1221507
983,서울특별시 송파구 송파대로 201,37.48734065,127.11959784372675
984,서울특별시 송파구 송파대로 386,37.4777234,127.1268186
985,"""서울특별시 송파구 송파대로 562",37.51525305,127.09940698698375
986,서울특별시 송파구 송파대로30길 13,37.4939966,127.1183179
987,서울특별시 송파구 양재대로 1222,37.515800150000004,127.1314447768413
988,서울특별시 송파구 오금로 142,37.4932351,127.1430838
989,서울특별시 송파구 오금로 241,37.4932351,127.1430838
990,서울특별시 송파구 오금로 420,37.4932351,127.1430838
991,서울특별시 송파구 오금로 87,37.5145854,127.10746970343453
992,"""서울특별시 송파구 올림픽로 212",37.5113273,127.0939697
993,서울특별시 송파구 올림픽로 289,37.5146393,127.1027979
994,서울특별시 송파구 올림픽로 96,37.5115128,127.0888521
995,"""서울특별시 송파구 올림픽로35가길 9",37.5171039,127.1032712
996,서울특별시 송파구 올림픽로35길 141,37.5199253,127.1129084
997,"""서울특별시 송파구 위례광장로 230",37.4806185,127.1435202
998,서울특별시 송파구 위례성대로 102,37.5134026,127.1231141
999,서울특별시 송파구 위례성대로 38,37.5157618,127.1163025
1000,"""서울특별시 송파구 중대로 121",37.49436405,127.12143148839337
1001,서울특별시 송파구 중대로 68,37.4938313,127.1212657
1002,서울특별시 송파구 충민로 10,37.4781296,127.1195944
1003,서울특별시 양천구 공항대로 566,37.5478372,126.8702628
1004,서울특별시 양천구 남부순환로 430,37.5154906,126.8403774
1005,"""서울특별시 양천구 목동동로 257",37.526657,126.8748737
1006,서울특별시 양천구 목동동로 309,37.529776,126.8787008
1007,서울특별시 양천구 목동동로 377,37.5258805,126.8754681
1008,"""서울특별시 양천구 목동동로 411",37.5258805,126.8754681
1009,서울특별시 양천구 목동로 203,37.5277261,126.8641129
1010,"""서울특별시 양천구 목동서로 155",37.5204641,126.8685485
1011,서울특별시 양천구 목동서로 213,37.5204641,126.8685485
1012,서울특별시 양천구 목동서로 299,37.5204641,126.8685485
1013,서울특별시 양천구 목동서로 67,37.5365304,126.8787851
1014,서울특별시 양천구 신월로 341,37.5211789,126.8457281
1015,"""서울특별시 양천구 오목로 279",37.5231579,126.8485532
1016,서울특별시 양천구 오목로 300,37.5255269,126.8692563
1017,서울특별시 양천구 오목로 354,37.5231579,126.8485532
1018,서울특별시 영등포구 경인로 775,37.5129164,126.89608
1019,서울특별시 영등포구 경인로 870,37.5184396,126.9121185
1020,서울특별시 영등포구 국제금융로 10,37.52538915,126.92663352616975
1021,서울특별시 영등포구 국제금융로 10,37.52538915,126.92663352616975
1022,서울특별시 영등포구 국제금융로 86,37.5268853,126.9261615
1023,서울특별시 영등포구 국제금융로2길 28,37.5240224,126.925446
1024,서울특별시 영등포구 국제금융로6길 38,37.5218503,126.9275174
1025,서울특별시 영등포구 국제금융로6길 7,37.5218503,126.9275174
1026,서울특별시 영등포구 국회대로 786,37.5259373,126.9044243
1027,서울특별시 영등포구 국회대로70길 15-1,37.5292774,126.9202968
1028,"""서울특별시 영등포구 국회대로74길 12",37.5301159,126.9209985
1029,"""서울특별시 영등포구 당산로 231",37.532095,126.9003601
1030,서울특별시 영등포구 당산로 34,37.532095,126.9003601
1031,서울특별시 영등포구 선유동2로 57,37.5322362,126.8965133
1032,"""서울특별시 영등포구 선유로 64",37.530081,126.8933013
1033,서울특별시 영등포구 신길로 137,37.5046613,126.9099946
1034,서울특별시 영등포구 양평로 115,37.5333025,126.9034779
1035,서울특별시 영등포구 양평로 22,37.5331174,126.9038337
1036,서울특별시 영등포구 양평로 64,37.5350776,126.8999033
1037,서울특별시 영등포구 여의공원로 101,37.5280607,126.92549648957798
1038,서울특별시 영등포구 여의대방로 376,37.4988836,126.9202505
1039,"""서울특별시 영등포구 여의대방로65길 24",37.5196606,126.9296625
1040,서울특별시 영등포구 영등포로 254,37.5187508,126.9136356
1041,서울특별시 영등포구 영중로 119,37.5302537,126.9047769
1042,서울특별시 영등포구 영중로 15,37.5302537,126.9047769
1043,서울특별시 영등포구 영중로 15,37.5302537,126.9047769
1044,"""서울특별시 영등포구 영중로 15",37.5302537,126.9047769
1045,"""서울특별시 영등포구 영중로 9",37.5302537,126.9047769
1046,"""서울특별시 영등포구 영중로 9",37.5302537,126.9047769
1047,서울특별시 영등포구 은행로 11,37.5281915,126.9213641
1048,서울특별시 영등포구 의사당대로 127,37.5204746,126.92617551392519
1049,서울특별시 영등포구 의사당대로 147,37.5267919,126.9194937
1050,서울특별시 영등포구 의사당대로 26,37.5267919,126.9194937
1051,서울특별시 영등포구 의사당대로 8,37.5267919,126.9194937
1052,서울특별시 영등포구 의사당대로 83,37.5267919,126.9194937
1053,서울특별시 용산구 남산공원길 105,37.55126915,126.98829585212849
1054,서울특별시 용산구 대사관로 67,37.53451,127.0002
1055,서울특별시 용산구 독서당로 94,37.5311476,127.0077012
1056,"""서울특별시 용산구 백범로 313",37.5391217,126.9650014
1057,"""서울특별시 용산구 서빙고로 67",37.5202407,126.991459
1058,서울특별시 용산구 이촌로 198,37.5315673,126.9548573
1059,서울특별시 용산구 이촌로 276,37.5315673,126.9548573
1060,서울특별시 용산구 이태원로 188,37.5342621,126.9949041
1061,"""서울특별시 용산구 이태원로 213",37.5352885,126.9745308
1062,서울특별시 용산구 이태원로 252,37.5352885,126.9745308
1063,서울특별시 용산구 장문로 12,37.5290421,126.9918051
1064,서울특별시 용산구 청파로47길 57,37.5450982,126.9691513
1065,서울특별시 용산구 한강대로 275,37.5294612,126.9680356
1066,서울특별시 용산구 한강대로 291,37.5294612,126.9680356
1067,서울특별시 용산구 한강대로 372,37.55108945,126.97357589061059
1068,"""서울특별시 용산구 한강대로 69",37.5294612,126.9680356
1069,"""서울특별시 용산구 한강대로 95",37.5290373,126.9669424
1070,서울특별시 용산구 한강대로23길 5502-2012-2907,NA,NA
1071,서울특별시 은평구 연서로 146,37.6459681,126.9392376
1072,서울특별시 은평구 은평로 111,37.6003292,126.92022829345238
1073,서울특별시 은평구 은평로 170,37.6011049,126.9264727
1074,서울특별시 은평구 진관2로 1202-758-8934,NA,NA
1075,서울특별시 은평구 통일로 842,37.61866835,126.92203137881444
1076,서울특별시 은평구 통일로 867,37.6079367,126.932327
1077,서울특별시 종로구 대명길 5,37.5832293,126.9999887
1078,"""서울특별시 종로구 대학로 116",37.5815186,127.0022833
1079,"""서울특별시 종로구 대학로 57",37.576675,127.0019086
1080,서울특별시 종로구 돈화문로 13,37.5692486,126.991331
1081,서울특별시 종로구 동숭길 110,37.5829735,127.0038724
1082,서울특별시 종로구 북촌로 5-1,37.5872136,126.9836391
1083,서울특별시 종로구 북촌로4길 23,37.5793892,126.9863284
1084,서울특별시 종로구 사직로8길 4,37.5744515,126.9688493
1085,서울특별시 종로구 삼봉로 71,37.57261775,126.98113615
1086,서울특별시 종로구 삼일대로20길 13,37.5694664,126.9885129
1087,서울특별시 종로구 삼청로 111-1,37.585359100000005,126.98182730834799
1088,서울특별시 종로구 새문안로 92,37.569658149999995,126.97486789991477
1089,서울특별시 종로구 새문안로3길 15,37.5701265,126.9725488
1090,서울특별시 종로구 새문안로5가길 28,37.574181,126.9730103
1091,"""서울특별시 종로구 새문안로5길 55",37.575065699999996,126.97392084738038
1092,"""서울특별시 종로구 세종대로 167",37.571205,126.9762911
1093,"""서울특별시 종로구 율곡로 6",37.57516535,126.98011554322946
1094,서울특별시 종로구 율곡로2길 25,37.5756329,126.9811172
1095,서울특별시 종로구 인사동길 14,37.5723829,126.98703186963161
1096,"""서울특별시 종로구 자하문로4길 6",37.5771689,126.9726386
1097,"""서울특별시 종로구 종로 113-1",37.5710649,127.0080702
1098,서울특별시 종로구 종로 183,37.5710649,127.0080702
1099,"""서울특별시 종로구 종로 344",37.5710649,127.0080702
1100,서울특별시 종로구 종로 51,37.5705691,126.9836228
1101,서울특별시 종로구 종로 6,37.56981195,126.97797295000001
1102,서울특별시 종로구 종로 64,37.5710649,127.0080702
1103,"""서울특별시 종로구 종로12길 21",37.5691737,126.9857549
1104,서울특별시 종로구 종로1길 42,37.5738657,126.97897449100901
1105,서울특별시 종로구 종로3길 17,37.5714099,126.9790493
1106,서울특별시 종로구 종로5길 30,37.571660449999996,126.98067886731367
1107,서울특별시 종로구 창경궁로 235,37.5723885,126.9978801
1108,서울특별시 종로구 청계천로 41,37.5721044,127.0211905
1109,서울특별시 종로구 청계천로 59,37.5721044,127.0211905
1110,서울특별시 종로구 통일로 168-1,37.5776771,126.9549437
1111,서울특별시 종로구 평창12길 3,37.606912,126.9670783
1112,서울특별시 중구 남대문로 109,37.5605134,126.9754943
1113,서울특별시 중구 남대문로 68-1,37.5605134,126.9754943
1114,서울특별시 중구 남대문로10길 9,37.5674007,126.9839265
1115,"""서울특별시 중구 남대문로7길 19",37.5637744,126.9816229
1116,서울특별시 중구 다산로 129,37.555337,127.0107752
1117,서울특별시 중구 다산로 258,37.5507793,127.0076435
1118,"""서울특별시 중구 명동 7길 8",NA,NA
1119,서울특별시 중구 명동10길 4102-758-8849,NA,NA
1120,서울특별시 중구 명동9가길 14,37.5651052,126.983621
1121,서울특별시 중구 명동9길 16,37.5649801,126.9844668
1122,서울특별시 중구 명동길 60,37.5638495,126.9851142
1123,서울특별시 중구 무교로 21,37.5675337,126.9792257
1124,서울특별시 중구 삼일대로 358,37.56647595,126.98801599928981
1125,서울특별시 중구 새문안로 22,37.567575,126.968499
1126,서울특별시 중구 서소문로 120,37.5639664,126.9765869
1127,서울특별시 중구 서소문로 130,37.5639664,126.9765869
1128,서울특별시 중구 서소문로 99,37.5639664,126.9765869
1129,서울특별시 중구 서애로 1길 1102-2269-3296,NA,NA
1130,서울특별시 중구 세종대로 124,37.5672486,126.9772379
1131,"""서울특별시 중구 세종대로 17",37.5672486,126.9772379
1132,"""서울특별시 중구 세종대로 72",37.5625093,126.9766814
1133,서울특별시 중구 세종대로12길 12,37.56165405,126.97693299870735
1134,서울특별시 중구 세종대로18길 32,37.5637228,126.9781671
1135,"""서울특별시 중구 세종대로9길 41",37.5623581,126.9734229
1136,서울특별시 중구 소공로 112,37.561142,126.9815152
1137,서울특별시 중구 소공로 63,37.5603599,126.98053116522539
1138,서울특별시 중구 소공로 70,37.56161555,126.98215850934079
1139,"""서울특별시 중구 소월로 10",37.5585473,126.9754142
1140,서울특별시 중구 수표로 34,37.5641318,126.9901221
1141,서울특별시 중구 을지로 170,37.5660099,126.9789782
1142,"""서울특별시 중구 을지로 19",37.56625735,126.97986476331938
1143,"""서울특별시 중구 을지로 19",37.56625735,126.97986476331938
1144,서울특별시 중구 을지로 251,37.5660099,126.9789782
1145,"""서울특별시 중구 을지로 50",37.5660099,126.9789782
1146,서울특별시 중구 을지로 51,37.5660099,126.9789782
1147,서울특별시 중구 을지로5길 16 삼화타워1층02-758-8483,NA,NA
1148,서울특별시 중구 장충단로 166,37.5680428,127.009194
1149,서울특별시 중구 장충단로 229,37.5680428,127.009194
1150,서울특별시 중구 장충단로 275,37.56866205,127.00871843983305
1151,서울특별시 중구 청계천로 400,37.5710644,127.02069927834486
1152,"""서울특별시 중구 칠패로 27",37.55949,126.96993
1153,서울특별시 중구 통일로 10,37.5578428,126.971901
1154,서울특별시 중구 통일로 92,37.5578428,126.971901
1155,서울특별시 중구 퇴계로 100,37.56013755,126.98294403237728
1156,"""서울특별시 중구 퇴계로 101",37.5621118,126.999364
1157,서울특별시 중구 퇴계로 18,37.565873,127.0229461
1158,"""서울특별시 중구 퇴계로 197",37.5621118,126.999364
1159,서울특별시 중구 퇴계로 212,37.5611592,126.9953237
1160,"""서울특별시 중구 퇴계로 385",37.5621118,126.999364
1161,서울특별시 중구 퇴계로 72,37.5621118,126.999364
1162,서울특별시 중구 퇴계로 77,37.5621118,126.999364
1163,"""서울특별시 중랑구 동일로 932",37.579267,127.0795748
1164,"""서울특별시 중랑구 망우로 307",37.5968492,127.086494
1165,서울특별시 중랑구 망우로30길 3,37.5932844,127.0746361
1166,서울특별시 중랑구 면목로 31002-758-8823,NA,NA
1167,"""서울특별시 중랑구 상봉로 131",37.5978841,127.0927404
1168,서울특별시 중랑구 신내로 7202-758-8887,NA,NA
1169,세종특별자치시  도움3로 105-10,36.50405685,127.24937893724913
1170,세종특별자치시  도움8로 81,36.5056225,127.2659903
1171,세종특별자치시  새롬중앙로 64,36.486633499999996,127.25106113516205
1172,세종특별자치시  한누리대로 169 행복타워 1층044-863-7840,NA,NA
1173,세종특별자치시  한누리대로 499,36.5080745,127.26115997066316
1174,세종특별자치시 금송로 687,36.4708801,127.25100348035954
1175,세종특별자치시 다정북로 219,36.49489055,127.25525449887385
1176,"""세종특별자치시 한누리대로 2165",36.4909208,127.3038663
1177,울산광역시 남구 대공원입구로 4,35.5343568,129.2948221
1178,울산광역시 남구 대암로129번길 9-6,35.5295468,129.3296087
1179,울산광역시 남구 대학로 152,35.5409956,129.2583147
1180,울산광역시 남구 대학로84번길 5-3,35.5423233,129.2602747
1181,울산광역시 남구 돋질로 310,35.5421411,129.354055
1182,울산광역시 남구 문수로 329,35.5365376,129.2816706
1183,울산광역시 남구 번영로 215,35.5399563,129.3270531
1184,울산광역시 남구 삼산로 182,35.5400022,129.3416211
1185,울산광역시 남구 삼산로 231,35.5400022,129.3416211
1186,"""울산광역시 남구 삼산로 257",35.5400022,129.3416211
1187,울산광역시 남구 삼산로 273,35.5400022,129.3416211
1188,울산광역시 남구 삼산로 278 번길 8,NA,NA
1189,"""울산광역시 남구 삼산중로74번길 30-1",35.5404982,129.3372864
1190,울산광역시 남구 중앙로 180,35.5329583,129.3149167
1191,울산광역시 동구 방어진순환도로 652,35.487565,129.4209916
1192,울산광역시 동구 방어진순환도로 899,35.487565,129.4209916
1193,울산광역시 북구 동해안로 1601,35.5969893,129.4625894
1194,울산광역시 북구 산업로 1011,35.5776501,129.3605311
1195,울산광역시 북구 진장17길 10,35.5622833,129.3555702
1196,울산광역시 북구 화봉로 75,35.5882623,129.3650598
1197,울산광역시 울주군 서생면 대송리 25-18052-238-5947,NA,NA
1198,울산광역시 중구 번영로 434,35.5577782,129.3267393
1199,울산광역시 중구 성안12길 45,35.5787795,129.3220607
1200,"""울산광역시 중구 신기길 103",35.5495301,129.295486
1201,울산광역시 중구 젊음의2거리 33,35.552923,129.320697
1202,울산광역시 중구 젊음의거리 74,35.5538543,129.3182661
1203,인천광역시 계양구 계양대로 131,37.5393284,126.7223061
1204,"""인천광역시 계양구 계양대로 37",37.5393284,126.7223061
1205,인천광역시 계양구 장제로 808,37.539808050000005,126.73504443892688
1206,인천광역시 남동구 경원대로 974,37.4659143,126.6900448
1207,인천광역시 남동구 경인로 750,37.4597424,126.6967952
1208,"""인천광역시 남동구 남동대로 773",37.4332004,126.7079988
1209,"""인천광역시 남동구 논고개로 93",37.416058,126.7271037
1210,"""인천광역시 남동구 서창남로 51",37.4258703,126.748741
1211,인천광역시 남동구 예술로 126,37.4453237,126.7007246
1212,인천광역시 남동구 예술로 138,37.458885,126.7026669
1213,인천광역시 남동구 예술로 174,37.4622481,126.7023941
1214,"""인천광역시 남동구 인하로 497-22",37.4449562,126.7020207
1215,인천광역시 남동구 인하로 556,37.4449562,126.7020207
1216,"""인천광역시 동구 봉수대로 82",37.4796166,126.6541428
1217,인천광역시 미추홀구 매소홀로 368,37.4410725,126.6618569
1218,인천광역시 미추홀구 아암대로 107,37.4607365,126.6383535
1219,인천광역시 미추홀구 인하로 59,37.4518244,126.6550076
1220,"""인천광역시 미추홀구 주안로 100",37.4640719,126.6802572
1221,"""인천광역시 부평구 경원대로 1377",37.4910301,126.7293303
1222,인천광역시 부평구 경원대로 1397,37.4910301,126.7293303
1223,인천광역시 부평구 길주로 643,37.5091536,126.6970403
1224,"""인천광역시 부평구 동암광장로 14",37.47151445,126.70236735083412
1225,인천광역시 부평구 부평대로 233,37.5234403,126.7221046
1226,"""인천광역시 부평구 부평대로 60",37.5234403,126.7221046
1227,"""인천광역시 부평구 부평문화로 52",37.49424,126.727989
1228,"""인천광역시 부평구 시장로 21",37.4931034,126.7253233
1229,인천광역시 부평구 장제로 371,37.4955223,126.7301633
1230,인천광역시 서구 서곶로 277,37.5656889,126.6774134
1231,인천광역시 서구 완정로 172,37.60255815,126.65734277797912
1232,인천광역시 서구 원당대로 668,37.5889533,126.6272065
1233,인천광역시 서구 중봉대로 586번길 19032-566-2707,NA,NA
1234,인천광역시 서구 중봉대로 612번길 10-17032-565-8967,NA,NA
1235,"""인천광역시 서구 청라커낼로 300",37.5350538,126.6466587
1236,인천광역시 연수구 경원대로 184,37.4046603,126.6811434
1237,인천광역시 연수구 센트럴로 194,37.3947061,126.6414984
1238,인천광역시 연수구 송도과학로16번길 33-1,NA,NA
1239,인천광역시 연수구 송도과학로27번길 55,37.3875541,126.6642597
1240,인천광역시 연수구 아트센터대로 131,37.3988972,126.636978
1241,인천광역시 연수구 앵고개로 171,37.4125835,126.6643249
1242,"""인천광역시 연수구 용담로 115",37.4150726,126.6778737
1243,인천광역시 연수구 청능대로 210,37.4095202,126.6807604
1244,"""인천광역시 연수구 컨벤시아대로 55",37.3967356,126.6517262
1245,인천광역시 연수구 하모니로 136,37.3849291,126.6444179
1246,인천광역시 중구 공항로 272,37.4634593,126.44170925544927
1247,인천광역시 중구 공항로 272,37.4634593,126.44170925544927
1248,인천광역시 중구 공항로 272,37.4634593,126.44170925544927
1249,인천광역시 중구 공항로 272,37.4634593,126.44170925544927
1250,인천광역시 중구 공항로 272,37.4634593,126.44170925544927
1251,인천광역시 중구 신도시남로142번길 17,37.4939383,126.4926754
1252,인천광역시 중구 하늘중앙로195번길 15,37.4898756,126.5612749
1253,전라남도 광양시 중마중앙로 143 061-795-3295,NA,NA
1254,전라남도 나주시 상야1길 21,35.0226888,126.78784190028293
1255,전라남도 목포시 고하대로 694,34.8061901,126.3697951
1256,전라남도 목포시 미항로 137,34.7952736,126.43211
1257,전라남도 목포시 백년대로 293,34.8086198,126.4304632
1258,전라남도 목포시 백년대로375번길 1,NA,NA
1259,전라남도 목포시 영산로 495061-273-3718,NA,NA
1260,전라남도 무안군 남악3로82번길 11061-283-8841,NA,NA
1261,전라남도 순천시 비봉2길 9,34.9720101,127.5209878
1262,전라남도 순천시 연향번영길 118,34.9468196,127.5179002
1263,전라남도 순천시 왕지2길 17,NA,NA
1264,전라남도 순천시 해룡면 향매로 97 061-723-3558,NA,NA
1265,전라남도 여수시 망마로 39,34.7591213,127.6682841
1266,전라남도 여수시 여문1로 49,34.7514316,127.7056631
1267,전라남도 여수시 예울마루로 37-53,34.7462385,127.670966
1268,전라남도 여수시 이순신 광장로 192061-662-3677,NA,NA
1269,전라남도 여수시 좌수영로 482,34.7759011,127.6944522
1270,전라북도 군산시 공단대로 422,35.9625317,126.6953378
1271,전라북도 군산시 수송로 195,35.9640159,126.7086585
1272,전라북도 군산시 황룡로 7,NA,NA
1273,전라북도 익산시 무왕로 1005,35.9897332,127.0801268
1274,전라북도 익산시 무왕로 1052,35.9897332,127.0801268
1275,전라북도 익산시 선화로 106,35.9480242,126.9451379
1276,전라북도 전주시 덕진구 기린대로 491,35.8335437,127.1381285
1277,전라북도 전주시 덕진구 기지로 68,35.8388601,127.0668547
1278,전라북도 전주시 덕진구 명륜4길 12,35.8429639,127.1266253
1279,전라북도 전주시 덕진구 백제대로 616,35.8476429,127.1533544
1280,전라북도 전주시 완산구 모악로 4696,35.7897662,127.1311869
1281,전라북도 전주시 완산구 백제대로 242,35.8043915,127.1238182
1282,전라북도 전주시 완산구 서신로 104,35.8344357,127.1163174
1283,전라북도 전주시 완산구 용머리로 7,35.8070034,127.1215446
1284,전라북도 전주시 완산구 유연로 288,35.8265415,127.123277
1285,전라북도 전주시 완산구 전주객사4길 44-18,35.8210188,127.1430752
1286,전라북도 전주시 완산구 팔달로 123,35.817014,127.1474132
1287,전라북도 전주시 완산구 홍산로 238,35.8174948,127.1058869
1288,전라북도 전주시 완산구 홍산중앙로 22,35.815814,127.108988
1289,전라북도 정읍시 충정로 271,35.5762076,126.8480209
1290,전북 전주시  송천중앙로 228063-278-3578,NA,NA
1291,제주특별자치도 서귀포시 대정읍 에듀시티로 36 064-792-3371,NA,NA
1292,"""제주특별자치도 서귀포시 성산읍 일출로 284-5",33.46287,126.9355028
1293,제주특별자치도 서귀포시 성산읍 일출로 80 064-782-3273,NA,NA
1294,제주특별자치도 서귀포시 안덕면 신화역사로304번길 38 B1-29064-908-1729,NA,NA
1295,제주특별자치도 서귀포시 일주서로 11,33.249518249999994,126.5064601
1296,제주특별자치도 서귀포시 중문관광로110번길 32,33.251135,126.4125896
1297,제주특별자치도 서귀포시 중정로 53,33.2478117,126.562019
1298,제주특별자치도 서귀포시 천제연로 95,33.2550717,126.4158559
1299,제주특별자치도 서귀포시 형제해안로 322,33.2068048,126.2900725
1300,"""제주특별자치도 제주시 1100로 3348",33.484816,126.480201
1301,제주특별자치도 제주시 관덕로 55,33.5128197,126.5199591
1302,제주특별자치도 제주시 도령로 27,33.4878506,126.4818224
1303,제주특별자치도 제주시 서해안로 380,33.5092623,126.4813553
1304,제주특별자치도 제주시 애월읍 애월해안로 376 064-799-3273,NA,NA
1305,제주특별자치도 제주시 연북로 12,33.4816523,126.5011585
1306,제주특별자치도 제주시 연북로 394,33.48313,126.5335336
1307,제주특별자치도 제주시 연삼로 878,33.5120878,126.579062
1308,제주특별자치도 제주시 일주서로 7306,33.4611402,126.3205699
1309,제주특별자치도 제주시 조천읍 조함해안로 522 064-783-3537,NA,NA
1310,제주특별자치도 제주시 중앙로 215,33.5182783,126.5247832
1311,제주특별자치도 제주시 한림읍 한림로 337 064-796-0348,NA,NA
1312,충청남도 계룡시 엄사면 번영로 6 042-551-3420,NA,NA
1313,충청남도 공주시 반포면 동학사1로 114 042-822-3623,NA,NA
1314,충청남도 공주시 번영1로 113,36.4735726,127.1356108
1315,충청남도 논산시 중앙로398번길 13-10041-734-8961,NA,NA
1316,충청남도 당진시 서해로 6283,36.8842028,126.7492545
1317,"""충청남도 당진시 시청1로 78",36.891014,126.6430904
1318,충청남도 보령시 대해로 101,36.3056953,126.51739
1319,충청남도 서산시 나무장1길 22,36.7721093,126.443523
1320,"""충청남도 서산시 호수공원2로 33",36.7764152,126.4482259
1321,충청남도 아산시 배방읍 배방로 22 041-549-3696,NA,NA
1322,충청남도 아산시 번영로 232,36.7838982,127.0164221
1323,충청남도 아산시 어의정로 117,36.7782896,127.0192872
1324,충청남도 아산시 탕정면 탕정면로 10 041-544-3486,NA,NA
1325,충청남도 천안시 동남구 만남로 43,36.8197639,127.15800518394425
1326,충청남도 천안시 동남구 만남로 9,36.81922835,127.15299455281107
1327,충청남도 천안시 동남구 신부15길 3,36.8196125,127.1618985
1328,충청남도 천안시 동남구 안서3길 3,NA,NA
1329,충청남도 천안시 동남구 청수14로 102,36.7857551,127.157544
1330,충청남도 천안시 서북구 동서대로 154,36.8254287,127.1424022
1331,충청남도 천안시 서북구 두정로 264,36.832406,127.1501636
1332,충청남도 천안시 서북구 부성4길 3,36.835402,127.1354023
1333,충청남도 천안시 서북구 불당22대로 67,36.8169187,127.102545
1334,충청남도 천안시 서북구 불당33길 24,36.8114087,127.1077223
1335,충청남도 천안시 서북구 불당34길 2,36.8051593,127.10601826937682
1336,충청남도 천안시 서북구 불당4로 91,36.8099875,127.1110165
1337,충청남도 천안시 서북구 삼성대로 20,36.8385476,127.12233925000001
1338,충청남도 천안시 서북구 서부대로 405,36.8316935,127.1333273
1339,충청남도 천안시 서북구 충무로 133,36.7960393,127.12869
1340,충청남도 천안시 서북구 충무로 187,36.7960393,127.12869
1341,충청북도 제천시 의림대로 181,37.1360593,128.2095094
1342,충청북도 증평군 증평읍 광장로 40 043-836-3674,NA,NA
1343,충청북도 청주시 상당구 1순환로 1243,36.6233605,127.5188199
1344,충청북도 청주시 상당구 무심동로392번길 20,36.6355848,127.4853309
1345,충청북도 청주시 상당구 산성로 129,36.6400552,127.5182117
1346,충청북도 청주시 서원구 내수동로 113,36.6342406,127.4644986
1347,충청북도 청주시 서원구 복대로 5,36.6174363,127.4467313
1348,충청북도 청주시 서원구 사직대로 302,36.6365867,127.4844111
1349,충청북도 청주시 청원구 오창읍 과학산업2로 385 385043-216-8612,NA,NA
1350,"""충청북도 청주시 청원구 오창읍 중심상업1로 20 101",36.7119838,127.4279616
1351,충청북도 청주시 청원구 충청대로107번길 8,36.6663672,127.4907304
1352,충청북도 청주시 흥덕구 1순환로 514,36.6425669,127.4620985
1353,충청북도 청주시 흥덕구 강서로 121,36.6253577,127.4305111
1354,충청북도 청주시 흥덕구 대농로 43,36.6414594,127.4334174
1355,충청북도 청주시 흥덕구 오송읍 오송생명로 220 043-232-3491,NA,NA
1356,충청북도 청주시 흥덕구 직지대로 308,36.6448986,127.4293242
1357,충청북도 청주시 흥덕구 풍산로 15,36.6271993,127.4319255
1358,충청북도 충주시 계명대로 227,36.98279335,127.9398935805712
1359,충청북도 충주시 국원대로 208-1,36.99015425,127.92865995
1360,충청북도 충주시 봉계13길 2,36.9798469,127.9170245
1361,"""충청북도 충주시 예성로 151 C&C몰 106호",NA,NA
